2-micrometer circle DNA	GO:0005729
A band	GO:0031672
Barr body	GO:0001740
Bunina body	GO:0097407
C bouton	GO:1990024
C zone	GO:0014705
C-fiber	GO:0044299
CA3 pyramidal cell dendrite	GO:0097442
COPI-coated vesicle	GO:0030137
COPI-coated vesicle membrane	GO:0030663
CVT vesicle	GO:0033107
Cajal body	GO:0015030
Casparian strip	GO:0048226
Cvt vesicle membrane	GO:0033110
DNA replication termination region	GO:0097047
DNA viral genome	GO:0019021
ER body	GO:0010168
ER to Golgi transport vesicle	GO:0030134
ER to Golgi transport vesicle membrane	GO:0012507
ER-mitochondrion membrane contact site	GO:0044233
F bouton	GO:1990025
Flemming body	GO:0090543
Gemini of coiled bodies	GO:0097504
Golgi apparatus	GO:0005794
Golgi apparatus part	GO:0044431
Golgi cis cisterna	GO:0000137
Golgi cis cisterna membrane	GO:1990674
Golgi cisterna	GO:0031985
Golgi cisterna membrane	GO:0032580
Golgi lumen	GO:0005796
Golgi medial cisterna	GO:0005797
Golgi medial cisterna membrane	GO:1990675
Golgi membrane	GO:0000139
Golgi stack	GO:0005795
Golgi stack lumen	GO:0034469
Golgi subcompartment	GO:0098791
Golgi to ER transport vesicle	GO:0030142
Golgi to ER transport vesicle membrane	GO:0012508
Golgi to plasma membrane transport vesicle	GO:0070319
Golgi trans cisterna	GO:0000138
Golgi trans cisterna membrane	GO:1990676
Golgi-associated vesicle	GO:0005798
Golgi-associated vesicle lumen	GO:0070931
Golgi-associated vesicle membrane	GO:0030660
Gram-negative-bacterium-type cell wall	GO:0009276
Gram-positive-bacterium-type cell wall	GO:0009275
H zone	GO:0031673
Herring body	GO:1990623
I band	GO:0031674
LYSP100-associated nuclear domain	GO:0016606
Lewy body	GO:0097413
Lewy body core	GO:1990037
Lewy body corona	GO:1990038
Lewy body-like hyaline inclusion	GO:0097416
Lewy neurite	GO:0097462
M band	GO:0031430
Maurer's cleft	GO:0020036
Nebenkern	GO:0016006
P1 peroxisome	GO:0019819
P2 peroxisome	GO:0019820
P3 peroxisome	GO:0019821
P4 peroxisome	GO:0019822
P5 peroxisome	GO:0019823
P6 peroxisome	GO:0019824
PHA granule	GO:0070088
PML body	GO:0016605
Pick body	GO:0097419
RNA viral genome	GO:0019022
S bouton	GO:1990027
S-layer	GO:0030115
Schaffer axon collateral	GO:1990021
Schmidt-Lanterman incisure	GO:0043220
Schwann cell microvillus	GO:0097454
T-tubule	GO:0030315
T=1 icosahedral viral capsid	GO:0039615
T=13 icosahedral viral capsid	GO:0039621
T=147 icosahedral capsid	GO:0039627
T=16 icosahedral viral capsid	GO:0039622
T=169 icosahedral viral capsid	GO:0039628
T=2 icosahedral viral capsid	GO:0039616
T=219 icosahedral capsid	GO:0039629
T=25 icosahedral viral capsid	GO:0039623
T=3 icosahedral viral capsid	GO:0039617
T=4 icosahedral viral capsid	GO:0039619
T=7 icosahedral viral capsid	GO:0039620
T=pseudo3 icosahedral viral capsid	GO:0039618
TOR complex	GO:0038201
Ubisch body	GO:0070645
W chromosome	GO:0000804
Weibel-Palade body	GO:0033093
X chromosome	GO:0000805
XY body	GO:0001741
Y chromosome	GO:0000806
Yb body	GO:0070725
Z chromosome	GO:0000807
Z disc	GO:0030018
acidocalcisome	GO:0020022
acidocalcisome lumen	GO:0033985
acidocalcisome membrane	GO:0033102
acroblast	GO:0036063
acrosomal lumen	GO:0043160
acrosomal matrix	GO:0043159
acrosomal membrane	GO:0002080
acrosomal vesicle	GO:0001669
actin cap	GO:0030478
actin cortical patch	GO:0030479
actin cytoskeleton	GO:0015629
actin filament bundle	GO:0032432
actin rod	GO:0031002
actin tubule	GO:0031003
active sex chromosome	GO:0098579
actomyosin	GO:0042641
actomyosin contractile ring	GO:0005826
adherens junction	GO:0005912
adventitious septum	GO:0000933
aggresome	GO:0016235
alae of collagen and cuticulin-based cuticle extracellular matrix	GO:0060111
aleurone grain	GO:0033095
aleurone grain lumen	GO:0034422
aleurone grain membrane	GO:0032578
alveolar lamellar body	GO:0097208
alveolar lamellar body membrane	GO:0097233
ambisense viral genome	GO:0019027
amorphous vesicle	GO:1990006
amphisome	GO:0044753
amyloplast	GO:0009501
amyloplast envelope	GO:0033096
amyloplast inner membrane	GO:0033098
amyloplast membrane	GO:0033097
amyloplast starch grain	GO:0009568
anammoxosome	GO:0044222
anchored component of cell outer membrane	GO:0036405
anchored component of external side of plasma membrane	GO:0031362
anchored component of membrane	GO:0031225
anchored component of periplasmic side of cell outer membrane	GO:0036406
anchored component of plasma membrane	GO:0046658
anchored component of the cytoplasmic side of the plasma membrane	GO:0098753
anchoring junction	GO:0070161
annular furrow extracellular matrix	GO:0060108
annulate lamellae	GO:0005642
annuli extracellular matrix	GO:0060107
antipodal cell nucleus	GO:0043079
apical complex	GO:0020007
apical cortex	GO:0045179
apical dendrite	GO:0097440
apical hemi-adherens junction	GO:0005928
apical junction complex	GO:0043296
apical lamina of hyaline layer	GO:0032579
apical part of cell	GO:0045177
apical plasma membrane	GO:0016324
apical pole of neuron	GO:0044225
apicolateral plasma membrane	GO:0016327
apicoplast	GO:0020011
apoplast	GO:0048046
apoptotic body	GO:0097189
arbuscule	GO:0085041
archaeal-type flagellum	GO:0097589
ascospore wall	GO:0005619
ascospore-type prospore	GO:0042764
ascus epiplasm	GO:0072324
ascus lipid particle	GO:0005633
ascus membrane	GO:0036362
asexual spore wall	GO:0097515
assemblon	GO:0046808
astrocyte end-foot	GO:0097450
astrocyte projection	GO:0097449
asymmetric synapse	GO:0032279
attachment organelle	GO:0033099
attachment organelle membrane	GO:0033111
autolysosome	GO:0044754
autophagic vacuole	GO:0005776
autophagic vacuole lumen	GO:0034423
autophagic vacuole membrane	GO:0000421
autosome	GO:0030849
axolemma	GO:0030673
axon	GO:0030424
axon collateral	GO:0044303
axon cytoplasm	GO:1904115
axon hillock	GO:0043203
axon initial segment	GO:0043194
axon microtubule bundle	GO:1901589
axon part	GO:0033267
axon terminus	GO:0043679
axonal growth cone	GO:0044295
axonal spine	GO:0044308
axonemal basal plate	GO:0097541
axonemal central apparatus	GO:1990716
axonemal central bridge	GO:1990717
axonemal central pair	GO:0097540
axonemal central pair projection	GO:1990718
axonemal outer doublet	GO:0097545
axoneme	GO:0005930
axoneme part	GO:0044447
azurophil granule	GO:0042582
azurophil granule lumen	GO:0035578
azurophil granule membrane	GO:0035577
bacterial nucleoid	GO:0043590
bacterial thylakoid	GO:0030075
bacterial-type flagellar cytoplasm	GO:0097015
bacterial-type flagellum	GO:0009288
bacterial-type flagellum basal body	GO:0009425
bacterial-type flagellum basal body, C ring	GO:0009433
bacterial-type flagellum basal body, MS ring	GO:0009431
bacterial-type flagellum basal body, distal rod	GO:0009426
bacterial-type flagellum basal body, distal rod, L ring	GO:0009427
bacterial-type flagellum basal body, distal rod, P ring	GO:0009428
bacterial-type flagellum basal body, proximal rod	GO:0009429
bacterial-type flagellum basal body, rod	GO:0030694
bacterial-type flagellum filament	GO:0009420
bacterial-type flagellum filament cap	GO:0009421
bacterial-type flagellum hook	GO:0009424
bacterial-type flagellum hook-filament junction	GO:0009422
bacterial-type flagellum part	GO:0044461
bacteroid-containing symbiosome	GO:0043660
barrier septum	GO:0000935
basal cortex	GO:0045180
basal labyrinth	GO:0033774
basal lamina	GO:0005605
basal layer of collagen and cuticulin-based cuticle extracellular matrix	GO:0060110
basal part of cell	GO:0045178
basal plasma membrane	GO:0009925
basal pole of neuron	GO:0044226
basal ring of apical complex	GO:0020032
basement membrane	GO:0005604
basilar dendrite	GO:0097441
basolateral plasma membrane	GO:0016323
bicellular tight junction	GO:0005923
biofilm matrix	GO:0097311
biofilm matrix component	GO:0097312
biofilm matrix surface	GO:0097313
bipartite viral genome	GO:0019018
bleb	GO:0032059
blood microparticle	GO:0072562
bounding membrane of organelle	GO:0098588
bridge contact site	GO:0044285
brush border	GO:0005903
brush border membrane	GO:0031526
calyx of Held	GO:0044305
capitate projection	GO:0097387
capsomere	GO:0046727
capsule	GO:0042603
carboxysome	GO:0031470
cardiac myofibril	GO:0097512
carotenoid vesicle	GO:0043702
caveola	GO:0005901
cell	GO:0005623
cell body	GO:0044297
cell body fiber	GO:0070852
cell body membrane	GO:0044298
cell cortex	GO:0005938
cell cortex of cell tip	GO:0051285
cell cortex of growing cell tip	GO:1902716
cell cortex part	GO:0044448
cell division site	GO:0032153
cell division site part	GO:0032155
cell envelope	GO:0030313
cell hair	GO:0070451
cell junction	GO:0030054
cell leading edge	GO:0031252
cell outer membrane	GO:0009279
cell part	GO:0044464
cell periphery	GO:0071944
cell plate	GO:0009504
cell pole	GO:0060187
cell projection	GO:0042995
cell projection cytoplasm	GO:0032838
cell projection membrane	GO:0031253
cell projection part	GO:0044463
cell septum	GO:0030428
cell septum edging	GO:0043188
cell septum part	GO:0044457
cell septum surface	GO:0043187
cell surface	GO:0009986
cell surface furrow	GO:0097610
cell tip	GO:0051286
cell trailing edge	GO:0031254
cell trailing edge membrane	GO:0031257
cell wall	GO:0005618
cell wall part	GO:0044426
cell wall-bounded periplasmic space	GO:0030287
cell-cell adherens junction	GO:0005913
cell-cell contact zone	GO:0044291
cell-cell junction	GO:0005911
cell-substrate adherens junction	GO:0005924
cell-substrate junction	GO:0030055
cellular birth scar	GO:0071597
cellular bud	GO:0005933
cellular bud membrane	GO:0033101
cellular bud neck	GO:0005935
cellular bud neck contractile ring	GO:0000142
cellular bud neck septin collar	GO:0032174
cellular bud neck septin ring	GO:0000144
cellular bud neck septin structure	GO:0000399
cellular bud neck split septin rings	GO:0032177
cellular bud scar	GO:0005621
cellular bud tip	GO:0005934
cellulose microfibril	GO:0009549
cellulosome	GO:0043263
central element	GO:0000801
central plaque of mitotic spindle pole body	GO:0061493
central plaque of spindle pole body	GO:0005823
central vacuole	GO:0042807
centriolar satellite	GO:0034451
centriole	GO:0005814
centrosomal corona	GO:0031592
centrosome	GO:0005813
cerebellar mossy fiber	GO:0044300
chiasma	GO:0005712
chitosan layer of spore wall	GO:0005631
chitosome	GO:0045009
chitosome membrane	GO:0030661
chlamydospore septin filament array	GO:0032166
chloroplast	GO:0009507
chloroplast chromosome	GO:0042648
chloroplast envelope	GO:0009941
chloroplast inner membrane	GO:0009706
chloroplast intermembrane space	GO:0031972
chloroplast membrane	GO:0031969
chloroplast nucleoid	GO:0042644
chloroplast outer membrane	GO:0009707
chloroplast part	GO:0044434
chloroplast starch grain	GO:0009569
chloroplast stroma	GO:0009570
chloroplast stromal thylakoid	GO:0009533
chloroplast thylakoid	GO:0009534
chloroplast thylakoid lumen	GO:0009543
chloroplast thylakoid membrane	GO:0009535
chlorosome	GO:0046858
chlorosome envelope	GO:0033105
chorion	GO:0042600
chromaffin granule	GO:0042583
chromaffin granule lumen	GO:0034466
chromaffin granule membrane	GO:0042584
chromocenter	GO:0010369
chromoplast	GO:0009509
chromoplast envelope	GO:0031898
chromoplast inner membrane	GO:0031899
chromoplast intermembrane space	GO:0031973
chromoplast membrane	GO:0046862
chromoplast outer membrane	GO:0031900
chromoplast stroma	GO:0009575
chromosomal part	GO:0044427
chromosomal region	GO:0098687
chromosome	GO:0005694
chromosome, centromeric core domain	GO:0034506
chromosome, centromeric outer repeat region	GO:0034507
chromosome, centromeric region	GO:0000775
chromosome, telomeric region	GO:0000781
ciliary basal body	GO:0036064
ciliary base	GO:0097546
ciliary cytoplasm	GO:0097014
ciliary inversin compartment	GO:0097543
ciliary membrane	GO:0060170
ciliary part	GO:0044441
ciliary pocket	GO:0020016
ciliary pocket membrane	GO:0020018
ciliary rootlet	GO:0035253
ciliary shaft	GO:0097544
ciliary tip	GO:0097542
ciliary transition zone	GO:0035869
cilium	GO:0005929
cis-Golgi network	GO:0005801
cis-Golgi network membrane	GO:0033106
classical Lewy body	GO:0097414
clathrin-coated endocytic vesicle	GO:0045334
clathrin-coated endocytic vesicle membrane	GO:0030669
clathrin-coated phagocytic vesicle	GO:0045336
clathrin-coated phagocytic vesicle membrane	GO:0030671
clathrin-coated vesicle	GO:0030136
clathrin-coated vesicle membrane	GO:0030665
clathrin-sculpted acetylcholine transport vesicle	GO:0060200
clathrin-sculpted acetylcholine transport vesicle lumen	GO:0060202
clathrin-sculpted acetylcholine transport vesicle membrane	GO:0060201
clathrin-sculpted gamma-aminobutyric acid transport vesicle	GO:0061200
clathrin-sculpted gamma-aminobutyric acid transport vesicle lumen	GO:0061201
clathrin-sculpted gamma-aminobutyric acid transport vesicle membrane	GO:0061202
clathrin-sculpted glutamate transport vesicle	GO:0060199
clathrin-sculpted glutamate transport vesicle lumen	GO:0060204
clathrin-sculpted glutamate transport vesicle membrane	GO:0060203
clathrin-sculpted monoamine transport vesicle	GO:0070081
clathrin-sculpted monoamine transport vesicle lumen	GO:0070082
clathrin-sculpted monoamine transport vesicle membrane	GO:0070083
clathrin-sculpted vesicle	GO:0060198
cleavage apparatus septin structure	GO:0032161
cleavage body	GO:0071920
cleavage furrow	GO:0032154
climbing fiber	GO:0044301
coated membrane	GO:0048475
coated pit	GO:0005905
coated vesicle	GO:0030135
coated vesicle membrane	GO:0030662
collagen and cuticulin-based cuticle extracellular matrix	GO:0060102
collagen and cuticulin-based cuticle extracellular matrix part	GO:0060103
columella	GO:0043674
compact myelin	GO:0043218
complex laminated body	GO:1990012
compound sieve plate	GO:0097219
condensed chromosome	GO:0000793
condensed chromosome, centromeric region	GO:0000779
condensed nuclear chromosome	GO:0000794
condensed nuclear chromosome, centromeric region	GO:0000780
cone cell pedicle	GO:0044316
connecting hemi-adherens junction	GO:0005926
conoid	GO:0020010
contact site	GO:0044289
contractile actin filament bundle	GO:0097517
contractile fiber	GO:0043292
contractile fiber part	GO:0044449
contractile ring	GO:0070938
contractile vacuolar membrane	GO:0031164
contractile vacuole	GO:0000331
cornified envelope	GO:0001533
cortical Lewy body	GO:0097415
cortical actin cytoskeleton	GO:0030864
cortical cytoskeleton	GO:0030863
cortical endoplasmic reticulum	GO:0032541
cortical granule	GO:0060473
cortical layer of collagen and cuticulin-based cuticle extracellular matrix	GO:0060106
cortical microtubule cytoskeleton	GO:0030981
costamere	GO:0043034
crystalloid	GO:0044312
cuticular plate	GO:0032437
cyanelle	GO:0009842
cyanelle envelope	GO:0033112
cyanelle inner membrane	GO:0036012
cyanelle intermembrane space	GO:0036014
cyanelle membrane	GO:0033113
cyanelle outer membrane	GO:0036013
cyanelle stroma	GO:0034060
cyanelle thylakoid	GO:0009843
cyanelle thylakoid lumen	GO:0033114
cyanelle thylakoid membrane	GO:0033115
cyanosome	GO:0043701
cyst wall	GO:0097570
cytolytic granule	GO:0044194
cytoneme	GO:0035230
cytoophidium	GO:0097268
cytoplasm	GO:0005737
cytoplasmic chromosome	GO:0000229
cytoplasmic membrane-bounded vesicle	GO:0016023
cytoplasmic membrane-bounded vesicle lumen	GO:0060205
cytoplasmic part	GO:0044444
cytoplasmic periphery of the nuclear pore complex	GO:1990723
cytoplasmic replication fork	GO:0043597
cytoplasmic side of Golgi membrane	GO:0098548
cytoplasmic side of apical plasma membrane	GO:0098592
cytoplasmic side of early endosome membrane	GO:0098559
cytoplasmic side of endoplasmic reticulum membrane	GO:0098554
cytoplasmic side of endosome membrane	GO:0010009
cytoplasmic side of late endosome membrane	GO:0098560
cytoplasmic side of lysosomal membrane	GO:0098574
cytoplasmic side of membrane	GO:0098562
cytoplasmic side of mitochondrial outer membrane	GO:0032473
cytoplasmic side of plasma membrane	GO:0009898
cytoplasmic side of rough endoplasmic reticulum membrane	GO:0098556
cytoplasmic side of smooth endoplasmic reticulum membrane	GO:0098557
cytoplasmic side of trans-Golgi network transport vesicle membrane	GO:0098541
cytoplasmic side of transport vesicle membrane	GO:0098539
cytoplasmic vesicle	GO:0031410
cytoplasmic vesicle membrane	GO:0030659
cytoplasmic vesicle part	GO:0044433
cytoplasmic viral factory	GO:0039714
cytoproct	GO:0031911
cytoskeletal calyx	GO:0033150
cytoskeletal part	GO:0044430
cytoskeleton	GO:0005856
cytosol	GO:0005829
cytosolic part	GO:0044445
cytostome	GO:0031910
deep fiber	GO:0032123
dendriole	GO:0044293
dendrite	GO:0030425
dendrite cytoplasm	GO:0032839
dendrite membrane	GO:0032590
dendrite terminus	GO:0044292
dendritic branch	GO:0044307
dendritic branch point	GO:1990033
dendritic cell dendrite	GO:0097511
dendritic filopodium	GO:1902737
dendritic growth cone	GO:0044294
dendritic knob	GO:0098788
dendritic lamellar body	GO:1990503
dendritic shaft	GO:0043198
dendritic spine	GO:0043197
dendritic spine head	GO:0044327
dendritic spine membrane	GO:0032591
dendritic spine neck	GO:0044326
dendritic tree	GO:0097447
dendritic tuft	GO:0044296
dense body	GO:0097433
dense core granule	GO:0031045
dense core granule membrane	GO:0032127
dense fibrillar component	GO:0001651
dense nuclear body	GO:0046818
dentate gyrus mossy fiber	GO:0044302
desmosome	GO:0030057
deuterosome	GO:0098536
dinoflagellate antapex	GO:0097684
dinoflagellate antapical horn	GO:0097687
dinoflagellate apex	GO:0097683
dinoflagellate apical groove	GO:0097685
dinoflagellate apical horn	GO:0097686
dinoflagellate cingulum	GO:0097611
dinoflagellate epicone	GO:0097613
dinoflagellate hypocone	GO:0097614
dinoflagellate sulcal notch	GO:0097618
dinoflagellate sulcus	GO:0097612
dityrosine layer of spore wall	GO:0005630
dolipore septum	GO:0000937
double membrane vesicle viral factory	GO:0039718
dsRNA viral genome	GO:0019023
early endosome	GO:0005769
early endosome lumen	GO:0031905
early endosome membrane	GO:0031901
early phagosome	GO:0032009
early phagosome membrane	GO:0036186
early recombination nodule	GO:0005714
ectexine	GO:0043669
ectoplasm	GO:0043265
egg coat	GO:0035805
eisosome	GO:0032126
eisosome membrane domain/MCC	GO:0090512
elaioplast	GO:0009545
elaioplast stroma	GO:0009577
elastic fiber	GO:0071953
endexine	GO:0043671
endocytic patch	GO:0061645
endocytic vesicle	GO:0030139
endocytic vesicle lumen	GO:0071682
endocytic vesicle membrane	GO:0030666
endolysosome	GO:0036019
endolysosome lumen	GO:0036021
endolysosome membrane	GO:0036020
endomembrane system	GO:0012505
endonuclear canal	GO:0035843
endoplasmic reticulum	GO:0005783
endoplasmic reticulum cisternal network	GO:0071781
endoplasmic reticulum exit site	GO:0070971
endoplasmic reticulum lumen	GO:0005788
endoplasmic reticulum membrane	GO:0005789
endoplasmic reticulum part	GO:0044432
endoplasmic reticulum quality control compartment	GO:0044322
endoplasmic reticulum tubular network	GO:0071782
endoplasmic reticulum-Golgi intermediate compartment	GO:0005793
endoplasmic reticulum-Golgi intermediate compartment membrane	GO:0033116
endosomal part	GO:0044440
endosome	GO:0005768
endosome lumen	GO:0031904
endosome membrane	GO:0010008
endosome to plasma membrane transport vesicle	GO:0070381
endospore coat	GO:0043593
endospore core	GO:0070477
endospore cortex	GO:0043595
endospore external encapsulating structure	GO:0043591
endospore-forming forespore	GO:0042601
endothelial microparticle	GO:0072563
ensheathing process	GO:1990015
envelope	GO:0031975
epicuticle of collagen and cuticulin-based cuticle extracellular matrix	GO:0060105
epidermal lamellar body	GO:0097209
epidermal lamellar body membrane	GO:0097234
equatorial microtubule organizing center	GO:0000923
esterosome	GO:0033117
esterosome lumen	GO:0034467
esterosome membrane	GO:0033118
ethanolamine degradation polyhedral organelle	GO:0031471
etioplast	GO:0009513
etioplast envelope	GO:0034425
etioplast membrane	GO:0034426
etioplast prolamellar body	GO:0009541
etioplast stroma	GO:0009578
excitatory neuromuscular junction	GO:0098520
excitatory neuromuscular junction of somatic myotube	GO:0098525
excitatory synapse	GO:0060076
exine	GO:0043668
exocytic vesicle	GO:0070382
exoneme	GO:0044311
exosporium	GO:0043592
external encapsulating structure	GO:0030312
external encapsulating structure part	GO:0044462
external side of apical plasma membrane	GO:0098591
external side of cell outer membrane	GO:0031240
external side of cell wall	GO:0010339
external side of fungal-type cell wall	GO:0070263
external side of mycolate outer membrane	GO:0098568
external side of plasma membrane	GO:0009897
extra-invasive hyphal membrane	GO:0085039
extra-invasive hyphal space	GO:0085040
extracellular core region of desmosome	GO:0090635
extracellular exosome	GO:0070062
extracellular matrix	GO:0031012
extracellular matrix component	GO:0044420
extracellular membrane-bounded organelle	GO:0065010
extracellular non-membrane-bounded organelle	GO:0043264
extracellular organelle	GO:0043230
extracellular region	GO:0005576
extracellular region part	GO:0044421
extracellular space	GO:0005615
extracellular space of host	GO:0043655
extracellular vesicle	GO:1903561
extrachromosomal DNA	GO:0046821
extrachromosomal circular DNA	GO:0005727
extrachromosomal rDNA circle	GO:0005728
extrahaustorial matrix	GO:0085036
extrahaustorial membrane	GO:0085037
extraorganismal space	GO:0043245
extrinsic component of Golgi membrane	GO:0090498
extrinsic component of autophagic vacuole membrane	GO:0097635
extrinsic component of cell outer membrane	GO:0031244
extrinsic component of cytoplasmic side of plasma membrane	GO:0031234
extrinsic component of endoplasmic reticulum membrane	GO:0042406
extrinsic component of endosome membrane	GO:0031313
extrinsic component of external side of cell outer membrane	GO:0031242
extrinsic component of external side of mycolate outer membrane	GO:0036421
extrinsic component of external side of plasma membrane	GO:0031232
extrinsic component of fungal-type vacuolar membrane	GO:0097042
extrinsic component of intraperoxisomal membrane	GO:0005780
extrinsic component of lumenal side of plastid thylakoid membrane	GO:0035450
extrinsic component of lysosome membrane	GO:0032419
extrinsic component of membrane	GO:0019898
extrinsic component of mitochondrial inner membrane	GO:0031314
extrinsic component of mitochondrial outer membrane	GO:0031315
extrinsic component of mycolate outer membrane	GO:0036420
extrinsic component of nuclear outer membrane	GO:0031316
extrinsic component of omegasome membrane	GO:0097629
extrinsic component of organelle membrane	GO:0031312
extrinsic component of periplasmic side of cell outer membrane	GO:0031245
extrinsic component of periplasmic side of plasma membrane	GO:0031236
extrinsic component of plasma membrane	GO:0019897
extrinsic component of plastid inner membrane	GO:0035453
extrinsic component of plastid membrane	GO:0035452
extrinsic component of plastid thylakoid membrane	GO:0035449
extrinsic component of pre-autophagosomal structure membrane	GO:0097632
extrinsic component of stromal side of plastid inner membrane	GO:0035454
extrinsic component of stromal side of plastid thylakoid membrane	GO:0035451
extrinsic component of thylakoid membrane	GO:0035448
extrinsic component of vacuolar membrane	GO:0000306
eyespot apparatus	GO:1990413
fascia adherens	GO:0005916
female germ cell nucleus	GO:0001674
female germline ring canal	GO:0035324
female germline ring canal inner rim	GO:0035183
female germline ring canal outer rim	GO:0035182
female pronucleus	GO:0001939
fertilization envelope	GO:0060387
fibril	GO:0043205
fibrillar center	GO:0001650
fibrillary inclusion	GO:0097408
filiform apparatus	GO:0043680
filopodium	GO:0030175
filopodium membrane	GO:0031527
filopodium tip	GO:0032433
filtration diaphragm	GO:0036056
focal adhesion	GO:0005925
food vacuole	GO:0020020
foot layer	GO:0043670
formin-nucleated actin cable	GO:0070648
free sarcoplasmic reticulum membrane	GO:0014702
fungal-type cell wall	GO:0009277
fungal-type vacuole	GO:0000324
fungal-type vacuole lumen	GO:0000328
fungal-type vacuole membrane	GO:0000329
fusome	GO:0045169
gap junction	GO:0005921
gas vesicle	GO:0031411
gas vesicle shell	GO:0033172
gemmule	GO:0097463
generative cell nucleus	GO:0048555
germ cell nucleus	GO:0043073
germ plasm	GO:0060293
germ tube	GO:0032179
germ tube septin cap	GO:0032171
germ tube septin ring	GO:0032172
germinal vesicle	GO:0042585
germination pore	GO:0043677
germline ring canal	GO:0045172
gerontoplast	GO:0034400
giant axon	GO:0042757
glial cell postsynaptic density	GO:0097483
glial cell projection	GO:0097386
glial cytoplasmic inclusion	GO:0097409
glial limiting end-foot	GO:0097451
glycocalyx	GO:0030112
glycogen granule	GO:0042587
glycoprotein network	GO:0048222
glycosome	GO:0020015
glycosome lumen	GO:0034468
glycosome membrane	GO:0046860
glyoxysomal lumen	GO:0031908
glyoxysomal membrane	GO:0046861
glyoxysome	GO:0009514
goblet cell theca	GO:0098593
granal stacked thylakoid	GO:0009515
granular component	GO:0001652
granular vesicle	GO:1990005
granum	GO:0009542
growing cell tip	GO:0035838
growth cone	GO:0030426
growth cone membrane	GO:0032584
gut granule	GO:0044840
gut granule lumen	GO:0044842
gut granule membrane	GO:0044841
half bridge of mitotic spindle pole body	GO:0061496
half bridge of spindle pole body	GO:0005825
haustorium	GO:0085035
helical viral capsid	GO:0019029
hemicellulose network	GO:0048223
hemidesmosome	GO:0030056
hippocampal mossy fiber	GO:0097457
hippocampal mossy fiber expansion	GO:1990026
histone locus body	GO:0035363
horsetail nucleus	GO:0071686
horsetail nucleus leading edge	GO:0071687
host	GO:0018995
host bacteroid-containing symbiosome	GO:0043663
host caveola	GO:0044155
host cell	GO:0043657
host cell Cajal body	GO:0072495
host cell Golgi apparatus	GO:0044177
host cell Golgi membrane	GO:0044178
host cell PML body	GO:0075341
host cell chloroplast	GO:0033652
host cell chloroplast part	GO:0033653
host cell chloroplast thylakoid membrane	GO:0033654
host cell cytoplasm	GO:0030430
host cell cytoplasm part	GO:0033655
host cell cytoplasmic vesicle	GO:0044161
host cell cytoplasmic vesicle membrane	GO:0044162
host cell cytosol	GO:0044164
host cell endocytic vesicle membrane	GO:0097348
host cell endomembrane system	GO:0033645
host cell endoplasmic reticulum	GO:0044165
host cell endoplasmic reticulum lumen	GO:0044166
host cell endoplasmic reticulum membrane	GO:0044167
host cell endoplasmic reticulum-Golgi intermediate compartment	GO:0044172
host cell endoplasmic reticulum-Golgi intermediate compartment membrane	GO:0044173
host cell endosome	GO:0044174
host cell endosome lumen	GO:0072493
host cell endosome membrane	GO:0044175
host cell envelope	GO:0044230
host cell filopodium	GO:0044176
host cell junction	GO:0044156
host cell late endosome	GO:0044184
host cell late endosome membrane	GO:0044185
host cell lipid particle	GO:0044186
host cell lysosomal membrane	GO:0044188
host cell lysosome	GO:0044187
host cell membrane	GO:0033644
host cell membrane pore complex	GO:0044084
host cell mitochondrial envelope	GO:0044190
host cell mitochondrial inner membrane	GO:0044192
host cell mitochondrial intermembrane space	GO:0072492
host cell mitochondrial membrane	GO:0044191
host cell mitochondrial outer membrane	GO:0044193
host cell mitochondrion	GO:0033650
host cell nuclear envelope	GO:0044199
host cell nuclear inner membrane	GO:0044201
host cell nuclear lamina	GO:0044203
host cell nuclear matrix	GO:0044204
host cell nuclear membrane	GO:0044200
host cell nuclear outer membrane	GO:0044202
host cell nuclear part	GO:0044094
host cell nucleolus	GO:0044196
host cell nucleoplasm	GO:0044095
host cell nucleus	GO:0042025
host cell outer membrane	GO:0039662
host cell part	GO:0033643
host cell perinuclear region of cytoplasm	GO:0044220
host cell periphery	GO:0044538
host cell periplasmic space	GO:0044229
host cell plasma membrane	GO:0020002
host cell plasmodesma	GO:0044219
host cell plastid	GO:0033651
host cell presynaptic membrane	GO:0044231
host cell projection	GO:0044157
host cell rough endoplasmic reticulum	GO:0044168
host cell rough endoplasmic reticulum membrane	GO:0044169
host cell smooth endoplasmic reticulum	GO:0044170
host cell smooth endoplasmic reticulum membrane	GO:0044171
host cell surface	GO:0044228
host cell synapse	GO:0044221
host cell synaptic vesicle	GO:0098584
host cell synaptic vesicle membrane	GO:0098585
host cell viral assembly compartment	GO:0072517
host cell viral nucleoid	GO:0039643
host cell wall	GO:0044158
host chromosome	GO:0044383
host cytoskeleton	GO:0044163
host intracellular membrane-bounded organelle	GO:0033648
host intracellular organelle	GO:0033647
host intracellular part	GO:0033646
host multivesicular body	GO:0072494
host organelle outer membrane	GO:0039661
host outer membrane	GO:0044384
host peribacteroid fluid	GO:0043665
host peribacteroid membrane	GO:0043664
host symbiosome	GO:0043658
host thylakoid	GO:0044159
host thylakoid membrane	GO:0044160
host-symbiont bicellular tight junction	GO:0044647
hyaline inclusion	GO:0097412
hyaline layer	GO:0033166
hyaluranon cable	GO:0036117
hydrogenosomal membrane	GO:0046859
hydrogenosome	GO:0042566
hydrogenosome lumen	GO:0034492
hyphal cell wall	GO:0030446
hyphal septin band	GO:0032163
hyphal septin cap	GO:0032164
hyphal septin ring	GO:0032168
hyphal tip	GO:0001411
hypolemmal cisterna	GO:1990039
icosahedral viral capsid	GO:0019030
icosahedral viral capsid, collar	GO:0098031
icosahedral viral capsid, collar fiber	GO:0098032
icosahedral viral capsid, neck	GO:0098030
icosahedral viral capsid, neck fiber	GO:0098033
icosahedral viral capsid, spike	GO:0098029
immunological synapse	GO:0001772
inactive sex chromosome	GO:0098577
incipient cellular bud site	GO:0000131
inclusion body	GO:0016234
infected host cell surface knob	GO:0020030
inhibitory neuromuscular junction	GO:0098521
inhibitory neuromuscular junction of somatic myotube	GO:0098526
inhibitory synapse	GO:0060077
inner acrosomal membrane	GO:0002079
inner dense plaque of desmosome	GO:0090637
inner layer of spore wall	GO:0005632
inner membrane complex	GO:0070258
inner mucus layer	GO:0070702
inner plaque of mitotic spindle pole body	GO:0061497
inner plaque of spindle pole body	GO:0005822
insulin-responsive compartment	GO:0032593
integral component of Golgi cis cisterna membrane	GO:1990702
integral component of Golgi medial cisterna membrane	GO:1990703
integral component of Golgi membrane	GO:0030173
integral component of Golgi trans cisterna membrane	GO:1990704
integral component of autophagic vacuole membrane	GO:0097637
integral component of cell outer membrane	GO:0045203
integral component of chloroplast inner membrane	GO:0031357
integral component of chloroplast outer membrane	GO:0031359
integral component of contractile vacuolar membrane	GO:0031165
integral component of cytoplasmic side of endoplasmic reticulum membrane	GO:0071458
integral component of endoplasmic reticulum membrane	GO:0030176
integral component of endoplasmic reticulum-Golgi intermediate compartment (ERGIC) membrane	GO:1990701
integral component of endosome membrane	GO:0031303
integral component of external side of plasma membrane	GO:0071575
integral component of fungal-type vacuolar membrane	GO:0071627
integral component of lumenal side of endoplasmic reticulum membrane	GO:0071556
integral component of membrane	GO:0016021
integral component of mitochondrial inner membrane	GO:0031305
integral component of mitochondrial membrane	GO:0032592
integral component of mitochondrial outer membrane	GO:0031307
integral component of muscle cell projection membrane	GO:0061455
integral component of mycolate outer membrane	GO:0036419
integral component of nuclear inner membrane	GO:0005639
integral component of nuclear outer membrane	GO:0031309
integral component of omegasome membrane	GO:0097631
integral component of organelle membrane	GO:0031301
integral component of peroxisomal membrane	GO:0005779
integral component of plasma membrane	GO:0005887
integral component of plastid inner membrane	GO:0031353
integral component of plastid membrane	GO:0031351
integral component of plastid outer membrane	GO:0031355
integral component of pre-autophagosomal structure membrane	GO:0097634
integral component of synaptic vesicle membrane	GO:0030285
integral component of the cytoplasmic side of the plasma membrane	GO:0098752
integral component of thylakoid membrane	GO:0031361
integral component of vacuolar membrane	GO:0031166
integral to host endoplasmic reticulum membrane	GO:0044386
integral to membrane of host cell	GO:0044385
inter-Golgi transport vesicle	GO:0030143
inter-Golgi transport vesicle membrane	GO:0012509
intercalated disc	GO:0014704
intercellular bridge	GO:0045171
intercellular canaliculus	GO:0046581
interchromatin granule	GO:0035061
intermediate filament cytoskeleton	GO:0045111
intermediate layer of mitotic spindle pole body	GO:0061498
intermediate layer of spindle pole body	GO:0005821
internal side of mycolate outer membrane	GO:0098569
internode region of axon	GO:0033269
interphase microtubule organizing center	GO:0031021
interphotoreceptor matrix	GO:0033165
interstitial matrix	GO:0005614
intine	GO:0043678
intracellular	GO:0005622
intracellular canaliculus	GO:0046691
intracellular immature spore	GO:0042763
intracellular membrane-bounded organelle	GO:0043231
intracellular non-membrane-bounded organelle	GO:0043232
intracellular organelle	GO:0043229
intracellular organelle lumen	GO:0070013
intracellular organelle part	GO:0044446
intracellular part	GO:0044424
intracellular region of host	GO:0043656
intrinsic component of Golgi cis cisterna membrane	GO:1990693
intrinsic component of Golgi medial cisterna membrane	GO:1990694
intrinsic component of Golgi membrane	GO:0031228
intrinsic component of Golgi trans cisterna membrane	GO:1990695
intrinsic component of autophagic vacuole membrane	GO:0097636
intrinsic component of cell outer membrane	GO:0031230
intrinsic component of chloroplast inner membrane	GO:0031356
intrinsic component of chloroplast outer membrane	GO:0031358
intrinsic component of contractile vacuolar membrane	GO:0031311
intrinsic component of endoplasmic reticulum membrane	GO:0031227
intrinsic component of endoplasmic reticulum-Golgi intermediate compartment (ERGIC) membrane	GO:1990673
intrinsic component of endosome membrane	GO:0031302
intrinsic component of external side of cell outer membrane	GO:0031243
intrinsic component of external side of plasma membrane	GO:0031233
intrinsic component of fungal-type vacuolar membrane	GO:0071628
intrinsic component of membrane	GO:0031224
intrinsic component of mitochondrial inner membrane	GO:0031304
intrinsic component of mitochondrial membrane	GO:0098573
intrinsic component of mitochondrial outer membrane	GO:0031306
intrinsic component of mycolate outer membrane	GO:0036418
intrinsic component of nuclear inner membrane	GO:0031229
intrinsic component of nuclear outer membrane	GO:0031308
intrinsic component of omegasome membrane	GO:0097630
intrinsic component of organelle membrane	GO:0031300
intrinsic component of periplasmic side of cell outer membrane	GO:0031246
intrinsic component of periplasmic side of plasma membrane	GO:0031237
intrinsic component of peroxisomal membrane	GO:0031231
intrinsic component of plasma membrane	GO:0031226
intrinsic component of plastid inner membrane	GO:0031352
intrinsic component of plastid membrane	GO:0031350
intrinsic component of plastid outer membrane	GO:0031354
intrinsic component of pre-autophagosomal structure membrane	GO:0097633
intrinsic component of synaptic vesicle membrane	GO:0098563
intrinsic component of the cytoplasmic side of the plasma membrane	GO:0031235
intrinsic component of thylakoid membrane	GO:0031360
intrinsic component of vacuolar membrane	GO:0031310
invadopodium	GO:0071437
invadopodium membrane	GO:0071438
iridosome	GO:0043698
junctional sarcoplasmic reticulum membrane	GO:0014701
juxtaparanode region of axon	GO:0044224
karyomere	GO:0061468
keratohyalin granule	GO:0036457
kinetoplast	GO:0020023
kinociliary basal body	GO:1902636
kinocilium	GO:0060091
lamellar body	GO:0042599
lamellar body membrane	GO:0097232
lamellipodium	GO:0030027
lamellipodium membrane	GO:0031258
lamina densa	GO:0008003
lamina lucida	GO:0008002
lamina reticularis	GO:0008004
laminated body	GO:1990011
late endosome	GO:0005770
late endosome lumen	GO:0031906
late endosome membrane	GO:0031902
late recombination nodule	GO:0005715
lateral cell cortex	GO:0097575
lateral element	GO:0000800
lateral loop	GO:0043219
lateral part of cell	GO:0097574
lateral part of motile cell	GO:0031255
lateral plasma membrane	GO:0016328
lateral shield	GO:0097569
leading edge membrane	GO:0031256
leaf papilla	GO:0090396
leaflet of membrane bilayer	GO:0097478
left anterior basal body	GO:1902671
left anterior flagellum	GO:0097554
left caudal basal body	GO:1902677
left caudal flagellum	GO:0097560
left lateral basal body pair	GO:0097562
left middle basal body pair	GO:0097563
left nucleus	GO:0097571
left posteriolateral basal body	GO:1902673
left posteriolateral flagellum	GO:0097556
left tetrad	GO:0097566
left ventral basal body	GO:1902675
left ventral flagellum	GO:0097558
leucoplast	GO:0009516
leucoplast stroma	GO:0009576
leucosome	GO:0043699
lignin network	GO:0048224
linear element	GO:0030998
lipid particle	GO:0005811
lobed nucleus	GO:0098537
longitudinal flagellum	GO:0097609
longitudinal sarcoplasmic reticulum	GO:0014801
longitudinal sarcoplasmic reticulum lumen	GO:0014803
longitudinal side of cell surface	GO:0009930
lower tip-link density	GO:1990434
lumenal side of Golgi membrane	GO:0098547
lumenal side of early endosome membrane	GO:0098550
lumenal side of endoplasmic reticulum membrane	GO:0098553
lumenal side of endosome membrane	GO:0098565
lumenal side of late endosome membrane	GO:0098551
lumenal side of lysosomal membrane	GO:0098575
lumenal side of membrane	GO:0098576
lumenal side of plastid thylakoid membrane	GO:0098571
lumenal side of rough endoplasmic reticulum membrane	GO:0098555
lumenal side of smooth endoplasmic reticulum membrane	GO:0098558
lumenal side of trans-Golgi network transport vesicle membrane	GO:0098540
lumenal side of transport vesicle membrane	GO:0098538
lysosomal glycocalyx	GO:0090123
lysosomal lumen	GO:0043202
lysosomal membrane	GO:0005765
lysosome	GO:0005764
lytic vacuole	GO:0000323
lytic vacuole within protein storage vacuole	GO:0000327
macromolecular complex	GO:0032991
macronucleus	GO:0031039
macropinocytic cup	GO:0070685
macropinocytic cup cytoskeleton	GO:0070687
macropinocytic cup membrane	GO:0070686
macropinosome	GO:0044354
main axon	GO:0044304
major mitochondrial derivative	GO:0016008
male germ cell nucleus	GO:0001673
male germline ring canal	GO:0035323
male pronucleus	GO:0001940
manchette	GO:0002177
mannosome	GO:0042580
mast cell granule	GO:0042629
mating projection	GO:0005937
mating projection base	GO:0001400
mating projection membrane	GO:0070250
mating projection septin band	GO:0032162
mating projection septin ring	GO:0032175
mating projection tip	GO:0043332
mating projection tip membrane	GO:0070867
medial cortex	GO:0031097
medial cortex septin ring	GO:0036391
medial layer of collagen and cuticulin-based cuticle extracellular matrix	GO:0060109
medial membrane band	GO:0032178
median body	GO:0097568
megagametophyte egg cell nucleus	GO:0043082
megasome	GO:0043246
megasporocyte nucleus	GO:0043076
meiotic spindle	GO:0072687
meiotic spindle midzone	GO:1990385
meiotic spindle pole	GO:0090619
meiotic spindle pole body	GO:0035974
melanosome	GO:0042470
melanosome lumen	GO:0034493
melanosome membrane	GO:0033162
membrane	GO:0016020
membrane part	GO:0044425
membrane raft	GO:0045121
membrane region	GO:0098589
membrane stack	GO:1990007
membrane-bounded organelle	GO:0043227
membrane-bounded vesicle	GO:0031988
membrane-enclosed lumen	GO:0031974
merozoite dense granule	GO:0020026
merozoite dense granule membrane	GO:0030668
mesaxon	GO:0097453
mesosome	GO:0046868
metaphase plate	GO:0070090
methane-oxidizing organelle	GO:0044227
microbody	GO:0042579
microbody lumen	GO:0031907
microbody membrane	GO:0031903
microbody part	GO:0044438
microfibril	GO:0001527
microneme	GO:0020009
microneme lumen	GO:0034494
microneme membrane	GO:0033163
micronucleus	GO:0031040
micropexophagy-specific membrane apparatus	GO:0032046
micropinosome	GO:0044353
micropyle	GO:0070825
microspike	GO:0044393
microsporocyte nucleus	GO:0048556
microtubule bundle	GO:0097427
microtubule cytoskeleton	GO:0015630
microtubule organizing center	GO:0005815
microtubule organizing center attachment site	GO:0034992
microtubule organizing center part	GO:0044450
microvillar actin bundle	GO:0097516
microvillus	GO:0005902
microvillus membrane	GO:0031528
midbody	GO:0030496
middle lamella	GO:0009519
minor mitochondrial derivative	GO:0016009
mitochondrial chromosome	GO:0000262
mitochondrial cloud	GO:0032019
mitochondrial crista	GO:0030061
mitochondrial crista junction	GO:0044284
mitochondrial derivative	GO:0016007
mitochondrial envelope	GO:0005740
mitochondrial inner boundary membrane	GO:0097002
mitochondrial inner membrane	GO:0005743
mitochondrial intermembrane space	GO:0005758
mitochondrial intracristal space	GO:0044290
mitochondrial matrix	GO:0005759
mitochondrial membrane	GO:0031966
mitochondrial membrane part	GO:0044455
mitochondrial nucleoid	GO:0042645
mitochondrial outer membrane	GO:0005741
mitochondrial part	GO:0044429
mitochondrial respiratory chain	GO:0005746
mitochondrion	GO:0005739
mitochondrion-associated adherens complex	GO:0097423
mitosome	GO:0032047
mitotic spindle	GO:0072686
mitotic spindle midzone	GO:1990023
mitotic spindle pole	GO:0097431
mitotic spindle pole body	GO:0044732
monolayer-surrounded lipid storage body	GO:0012511
monolayer-surrounded lipid storage body outer lipid monolayer	GO:0034430
mononeme	GO:0070074
mossy fiber rosette	GO:0097471
motile cilium	GO:0031514
motile primary cilium	GO:0031512
mucin granule	GO:0098594
mucocyst	GO:0036000
mucus layer	GO:0070701
multipartite viral genome	GO:0019020
multivesicular body	GO:0005771
multivesicular body lumen	GO:0097486
multivesicular body membrane	GO:0032585
multivesicular body, internal vesicle	GO:0097487
multivesicular body, internal vesicle lumen	GO:0097489
multivesicular body, internal vesicle membrane	GO:0097488
muscle cell postsynaptic density	GO:0097482
muscle cell projection	GO:0036194
muscle cell projection membrane	GO:0036195
muscle tendon junction	GO:0005927
muscle thin filament tropomyosin	GO:0005862
mycolate outer membrane	GO:0036407
myelin sheath	GO:0043209
myelin sheath abaxonal region	GO:0035748
myelin sheath adaxonal region	GO:0035749
myofibril	GO:0030016
myofilament	GO:0036379
neck portion of tanycyte	GO:1990016
negative sense viral genome	GO:0019026
nematocyst	GO:0042151
nematosome	GO:0097417
nephrocyte diaphragm	GO:0005917
neurofibrillary tangle	GO:0097418
neurofilament cytoskeleton	GO:0060053
neuromuscular junction	GO:0031594
neuromuscular junction of myotube	GO:0098523
neuromuscular junction of skeletal muscle fiber	GO:0098522
neuromuscular junction of somatic muscle	GO:0098527
neuromuscular junction of somatic muscle myotube	GO:0098524
neuron part	GO:0097458
neuron projection	GO:0043005
neuron projection membrane	GO:0032589
neuron projection terminus	GO:0044306
neuron spine	GO:0044309
neuronal cell body	GO:0043025
neuronal cell body membrane	GO:0032809
neuronal postsynaptic density	GO:0097481
neurosecretory vesicle	GO:1990008
new growing cell tip	GO:0035841
new mitotic spindle pole body	GO:0071958
nexine	GO:0043672
node of Ranvier	GO:0033268
non-growing cell tip	GO:0035839
non-membrane-bounded organelle	GO:0043228
non-segmented viral genome	GO:0019016
nonmotile primary cilium	GO:0031513
nuclear body	GO:0016604
nuclear chromosome	GO:0000228
nuclear chromosome part	GO:0044454
nuclear chromosome, telomeric region	GO:0000784
nuclear dicing body	GO:0010445
nuclear envelope	GO:0005635
nuclear envelope lumen	GO:0005641
nuclear inclusion body	GO:0042405
nuclear inner membrane	GO:0005637
nuclear lamina	GO:0005652
nuclear lumen	GO:0031981
nuclear matrix	GO:0016363
nuclear membrane	GO:0031965
nuclear membrane part	GO:0044453
nuclear outer membrane	GO:0005640
nuclear outer membrane-endoplasmic reticulum membrane network	GO:0042175
nuclear part	GO:0044428
nuclear periphery	GO:0034399
nuclear replication fork	GO:0043596
nuclear speck	GO:0016607
nuclear viral factory	GO:0039715
nucleoid	GO:0009295
nucleolar part	GO:0044452
nucleolus	GO:0005730
nucleomorph	GO:0033009
nucleoplasm	GO:0005654
nucleoplasm part	GO:0044451
nucleoplasmic reticulum	GO:0044195
nucleus	GO:0005634
nucleus-vacuole junction	GO:0071561
occluding junction	GO:0070160
old cell tip after activation of bipolar cell growth	GO:0035842
old growing cell tip	GO:0035840
old mitotic spindle pole body	GO:0071957
omega speckle	GO:0035062
omegasome	GO:1990462
omegasome membrane	GO:1903349
oral apparatus	GO:0031912
organellar chromatophore	GO:0070111
organellar chromatophore inner membrane	GO:0070113
organellar chromatophore intermembrane space	GO:0070115
organellar chromatophore membrane	GO:0070112
organellar chromatophore outer membrane	GO:0070114
organellar chromatophore thylakoid	GO:0070116
organellar chromatophore thylakoid lumen	GO:0070117
organellar chromatophore thylakoid membrane	GO:0070118
organelle	GO:0043226
organelle envelope	GO:0031967
organelle envelope lumen	GO:0031970
organelle inner membrane	GO:0019866
organelle lumen	GO:0043233
organelle membrane	GO:0031090
organelle membrane contact site	GO:0044232
organelle outer membrane	GO:0031968
organelle part	GO:0044422
organelle subcompartment	GO:0031984
organelle-enclosing lipid monolayer	GO:0034646
organomineral extracellular matrix	GO:1990377
orthogonal array	GO:1990014
osmiophilic body	GO:0044310
other organism	GO:0044215
other organism cell	GO:0044216
other organism cell membrane	GO:0044218
other organism cytoplasm	GO:0097679
other organism membrane	GO:0044279
other organism part	GO:0044217
other organism postsynaptic membrane	GO:0035792
other organism presynaptic membrane	GO:0072556
outer acrosomal membrane	GO:0002081
outer dense fiber	GO:0001520
outer dense plaque of desmosome	GO:0090636
outer endospore membrane	GO:0043594
outer membrane	GO:0019867
outer membrane-bounded periplasmic space	GO:0030288
outer mucus layer	GO:0070703
outer plaque of mitotic spindle pole body	GO:0061499
outer plaque of spindle pole body	GO:0005824
pairing center	GO:0036224
parallel actin filament bundle	GO:0097518
parallel fiber	GO:1990032
paranodal junction	GO:0033010
paranode region of axon	GO:0033270
paraspeckles	GO:0042382
pectic matrix	GO:0048217
peg and socket contact	GO:0044286
pellicle	GO:0020039
peptidoglycan-based cell wall	GO:0009274
perforation plate	GO:1990073
periarbuscular membrane	GO:0085042
peribacteroid fluid	GO:0043662
peribacteroid membrane	GO:0043661
pericanalicular vesicle	GO:0033675
pericellular basket	GO:1990030
pericentriolar material	GO:0000242
periciliary membrane compartment	GO:1990075
perikaryon	GO:0043204
perineuronal net	GO:0072534
perinuclear endoplasmic reticulum	GO:0097038
perinuclear endoplasmic reticulum membrane	GO:1990578
perinuclear region of cytoplasm	GO:0048471
perinuclear theca	GO:0033011
perinucleolar chromocenter	GO:0010370
perinucleolar compartment	GO:0097356
periplasmic flagellum	GO:0055040
periplasmic side of cell outer membrane	GO:0031241
periplasmic side of plasma membrane	GO:0098567
periplasmic space	GO:0042597
peristromal region viral factory	GO:0039721
perivitelline space	GO:0098595
peroxisomal matrix	GO:0005782
peroxisomal membrane	GO:0005778
peroxisomal part	GO:0044439
peroxisome	GO:0005777
pexophagosome	GO:1990457
phagocytic cup	GO:0001891
phagocytic cup base	GO:0097204
phagocytic cup lip	GO:0097203
phagocytic vesicle	GO:0045335
phagocytic vesicle lumen	GO:0097013
phagocytic vesicle membrane	GO:0030670
phagolysosome	GO:0032010
phagolysosome membrane	GO:0061474
photoreceptor connecting cilium	GO:0032391
photoreceptor disc membrane	GO:0097381
photoreceptor inner segment	GO:0001917
photoreceptor inner segment membrane	GO:0060342
photoreceptor outer segment	GO:0001750
photoreceptor outer segment membrane	GO:0042622
photosynthetic membrane	GO:0034357
phragmoplast	GO:0009524
phragmosome	GO:0009525
piccolo-bassoon transport vesicle	GO:1990257
pigment granule	GO:0048770
pilus	GO:0009289
pilus part	GO:0044443
pilus shaft	GO:0009418
pilus tip	GO:0009419
pinceau fiber	GO:1990031
pinosome	GO:0044352
pirellulosome	GO:0044223
plant cell papilla	GO:0090395
plant-type cell wall	GO:0009505
plant-type vacuole	GO:0000325
plant-type vacuole lumen	GO:0000330
plant-type vacuole membrane	GO:0009705
plasma membrane	GO:0005886
plasma membrane of cell tip	GO:0031520
plasma membrane of growing cell tip	GO:1902929
plasma membrane part	GO:0044459
plasma membrane part of cell junction	GO:0061466
plasma membrane part of cell-substrate junction.	GO:0061464
plasma membrane part of hemidesmosome	GO:0061465
plasma membrane raft	GO:0044853
plasma membrane region	GO:0098590
plasma membrane respiratory chain	GO:0070470
plasma membrane-derived chromatophore	GO:0042716
plasma membrane-derived chromatophore membrane	GO:0042717
plasma membrane-derived thylakoid lumen	GO:0031979
plasma membrane-derived thylakoid membrane	GO:0031676
plasmodesma	GO:0009506
plasmodesmatal cytoplasmic sleeve	GO:0009546
plasmodesmatal desmotubule	GO:0009510
plasmodesmatal endoplasmic reticulum	GO:0009511
plasmodesmatal plasma membrane	GO:0009548
plastid	GO:0009536
plastid chromosome	GO:0009508
plastid envelope	GO:0009526
plastid inner membrane	GO:0009528
plastid intermembrane space	GO:0009529
plastid membrane	GO:0042170
plastid nucleoid	GO:0042646
plastid outer membrane	GO:0009527
plastid part	GO:0044435
plastid stroma	GO:0009532
plastid thylakoid	GO:0031976
plastid thylakoid lumen	GO:0031978
plastid thylakoid membrane	GO:0055035
plastoglobule	GO:0010287
platelet alpha granule	GO:0031091
platelet alpha granule lumen	GO:0031093
platelet alpha granule membrane	GO:0031092
platelet dense granule	GO:0042827
platelet dense granule lumen	GO:0031089
platelet dense granule membrane	GO:0031088
platelet dense tubular network	GO:0031094
platelet dense tubular network lumen	GO:0031096
platelet dense tubular network membrane	GO:0031095
pleated septate junction	GO:0005919
polar nucleus	GO:0043078
polar ring of apical complex	GO:0020031
polar tube	GO:0044099
pole plasm	GO:0045495
pollen coat	GO:0070505
pollen tube	GO:0090406
pollen tube tip	GO:0090404
pollen wall	GO:0043667
polyhedral organelle	GO:0031469
polytene chromosome	GO:0005700
polytene chromosome band	GO:0005704
polytene chromosome chromocenter	GO:0005701
polytene chromosome ectopic fiber	GO:0005706
polytene chromosome interband	GO:0005705
polytene chromosome puff	GO:0005703
polytene chromosome weak point	GO:0005702
polytene chromosome, telomeric region	GO:0035012
porosome	GO:0033012
porous cell septum	GO:0000934
positive sense viral genome	GO:0019025
post-anaphase microtubule array	GO:1990295
post-lysosomal vacuole	GO:0032195
postsynaptic density	GO:0014069
postsynaptic membrane	GO:0045211
pre-autophagosomal structure	GO:0000407
pre-autophagosomal structure membrane	GO:0034045
preprophase band	GO:0009574
presynaptic active zone	GO:0048786
presynaptic active zone dense projection	GO:0097445
presynaptic active zone membrane	GO:0048787
presynaptic cytoskeletal matrix assembled at active zones	GO:0048788
presynaptic grid	GO:1990013
presynaptic membrane	GO:0042734
presynaptic periactive zone	GO:0036062
primary cell septum	GO:0000936
primary cell wall	GO:0009530
primary cilium	GO:0072372
primary endosperm nucleus	GO:0048353
primary lysosome	GO:0005766
primary plasmodesma	GO:0009550
prominosome	GO:0071914
pronucleus	GO:0045120
propanediol degradation polyhedral organelle	GO:0031472
proplastid	GO:0009537
proplastid nucleoid	GO:0042647
proplastid stroma	GO:0009571
prospore contractile ring	GO:0032157
prospore membrane	GO:0005628
prospore membrane leading edge	GO:0070056
prospore membrane spindle pole body attachment site	GO:0070057
prospore septin filament array	GO:0032165
prospore septin ring	GO:0032169
protein body	GO:0042735
protein storage vacuole	GO:0000326
protein storage vacuole lumen	GO:0034495
protein storage vacuole membrane	GO:0032586
proteinaceous extracellular matrix	GO:0005578
proteinoplast	GO:0031986
prothylakoid	GO:0042649
prothylakoid membrane	GO:0042650
provirus	GO:0019038
proximal dendrite	GO:1990635
pseudohyphal septin ring	GO:0032170
pseudopodium	GO:0031143
pseudopodium membrane	GO:0031260
pterinosome	GO:0043700
puncta adhaerentia	GO:0044288
pyrenoid	GO:1990732
recombination nodule	GO:0005713
recurrent axon collateral	GO:1990020
recycling endosome	GO:0055037
recycling endosome lumen	GO:0034777
recycling endosome membrane	GO:0055038
replication compartment	GO:0046809
replication fork	GO:0005657
respiratory chain	GO:0070469
retrotransposon nucleocapsid	GO:0000943
rhabdomere	GO:0016028
rhabdomere membrane	GO:0033583
rhabdomere microvillus	GO:0035996
rhabdomere microvillus membrane	GO:0035997
rhoptry	GO:0020008
rhoptry lumen	GO:0034591
rhoptry membrane	GO:0033016
rhoptry neck	GO:1990225
ribbon synapse	GO:0097470
right anterior basal body	GO:1902672
right anterior flagellum	GO:0097555
right caudal basal body	GO:1902678
right caudal flagellum	GO:0097561
right lateral basal body pair	GO:0097564
right middle basal body pair	GO:0097565
right nucleus	GO:0097572
right posteriolateral basal body	GO:1902674
right posteriolateral flagellum	GO:0097557
right tetrad	GO:0097567
right ventral basal body	GO:1902676
right ventral flagellum	GO:0097559
rod spherule	GO:0044317
root hair	GO:0035618
root hair tip	GO:0035619
rough endoplasmic reticulum	GO:0005791
rough endoplasmic reticulum lumen	GO:0048237
rough endoplasmic reticulum membrane	GO:0030867
ruffle	GO:0001726
ruffle membrane	GO:0032587
sarcolemma	GO:0042383
sarcomere	GO:0030017
sarcoplasm	GO:0016528
sarcoplasmic reticulum	GO:0016529
sarcoplasmic reticulum lumen	GO:0033018
sarcoplasmic reticulum membrane	GO:0033017
satellite fibril	GO:0071808
scintillon	GO:0036007
sculpture element	GO:0043675
secondary cell septum	GO:0051077
secondary cell wall	GO:0009531
secondary lysosome	GO:0005767
secondary plasmodesma	GO:0009551
secretory granule	GO:0030141
secretory granule lumen	GO:0034774
secretory granule membrane	GO:0030667
segmented viral genome	GO:0019017
senescence-associated vacuole	GO:0010282
sensory dendrite	GO:0071683
septal periplasm	GO:0036240
septate junction	GO:0005918
septin band	GO:0032158
septin cap	GO:0032159
septin collar	GO:0032173
septin cytoskeleton	GO:0032156
septin filament array	GO:0032160
septin ring	GO:0005940
sex chromosome	GO:0000803
sexine	GO:0043673
sexual spore wall	GO:0097514
side of membrane	GO:0098552
sieve area	GO:0097217
sieve plate	GO:0097218
simple sieve plate	GO:0097220
site of double-strand break	GO:0035861
site of polarized growth	GO:0030427
skein-like inclusion	GO:0097420
skeletal muscle myofibril	GO:0098723
slime layer	GO:0030114
slit diaphragm	GO:0036057
smooth endoplasmic reticulum	GO:0005790
smooth endoplasmic reticulum lumen	GO:0048238
smooth endoplasmic reticulum membrane	GO:0030868
smooth endoplasmic reticulum part	GO:0097425
smooth muscle contractile fiber	GO:0030485
smooth muscle dense body	GO:0030486
smooth septate junction	GO:0005920
somatic portion of tanycyte	GO:1990017
somatic ring canal	GO:0098549
somatic spine	GO:0097465
somatodendritic compartment	GO:0036477
sorting endosome	GO:0097443
spanning component of membrane	GO:0089717
spanning component of plasma membrane	GO:0044214
specific granule	GO:0042581
specific granule lumen	GO:0035580
specific granule membrane	GO:0035579
spectrin	GO:0008091
spectrin-associated cytoskeleton	GO:0014731
spectrosome	GO:0045170
sperm annulus	GO:0097227
sperm connecting piece	GO:0097224
sperm cytoplasmic droplet	GO:0097598
sperm end piece	GO:0097229
sperm fibrous sheath	GO:0035686
sperm flagellum	GO:0036126
sperm midpiece	GO:0097225
sperm mitochondrial sheath	GO:0097226
sperm part	GO:0097223
sperm plasma membrane	GO:0097524
sperm principal piece	GO:0097228
sphere organelle	GO:0071601
spherule viral factory	GO:0039717
spindle	GO:0005819
spindle envelope	GO:0070732
spindle matrix	GO:1990047
spindle midzone	GO:0051233
spindle pole	GO:0000922
spindle pole body	GO:0005816
spindle pole centrosome	GO:0031616
spine apparatus	GO:0097444
spine mat	GO:0097448
spiny bracelet of Nageotte	GO:0097455
split septin rings	GO:0032176
spore wall	GO:0031160
sporoplasm	GO:0044100
spot adherens junction	GO:0005914
ssRNA viral genome	GO:0019024
starch grain	GO:0043036
stereocilia ankle link	GO:0002141
stereocilia coupling link	GO:0002139
stereocilia tip link	GO:0002140
stereocilia tip-link density	GO:1990427
stereocilium	GO:0032420
stereocilium bundle	GO:0032421
stereocilium bundle tip	GO:0032426
stereocilium membrane	GO:0060171
stigma papilla	GO:0090397
storage vacuole	GO:0000322
stress fiber	GO:0001725
striated muscle dense body	GO:0055120
striated muscle thin filament	GO:0005865
stromal side of plastid inner membrane	GO:0098570
stromal side of plastid thylakoid membrane	GO:0098572
stromule	GO:0010319
sub-surface cisterna	GO:1990040
suberin network	GO:0048225
sublamina densa	GO:0061618
subpellicular network	GO:0020038
subplasmalemmal coating	GO:0044280
subrhabdomeral cisterna	GO:0016029
subsynaptic reticulum	GO:0071212
surface coat of collagen and cuticulin-based cuticle extracellular matrix	GO:0060104
symbiont-containing vacuolar membrane network	GO:0020006
symbiont-containing vacuolar space	GO:0020004
symbiont-containing vacuole	GO:0020003
symbiont-containing vacuole membrane	GO:0020005
symbiosome	GO:0043659
symmetric synapse	GO:0032280
symplast	GO:0055044
synapse	GO:0045202
synapse part	GO:0044456
synaptic cleft	GO:0043083
synaptic membrane	GO:0097060
synaptic vesicle	GO:0008021
synaptic vesicle lumen	GO:0034592
synaptic vesicle membrane	GO:0030672
synaptic vesicle protein transport vesicle	GO:0097547
synaptic vesicle, readily releasable pool	GO:1990474
synaptic vesicle, recycling pool	GO:1990475
synaptic vesicle, resting pool	GO:1990476
synaptonemal complex	GO:0000795
tail portion of tanycyte	GO:1990018
tectum	GO:0043676
terminal bouton	GO:0043195
terminal cisterna	GO:0014802
terminal cisterna lumen	GO:0014804
terminal loop	GO:0097456
terminal web	GO:1990357
tertiary granule	GO:0070820
tertiary granule membrane	GO:0070821
tetraspanin-enriched microdomain	GO:0097197
thorny excrescence	GO:0097464
thylakoid	GO:0009579
thylakoid lumen	GO:0031977
thylakoid membrane	GO:0042651
thylakoid part	GO:0044436
trans-Golgi network	GO:0005802
trans-Golgi network membrane	GO:0032588
trans-Golgi network transport vesicle	GO:0030140
trans-Golgi network transport vesicle lumen	GO:0098564
trans-Golgi network transport vesicle membrane	GO:0012510
transport vesicle	GO:0030133
transport vesicle lumen	GO:0098566
transport vesicle membrane	GO:0030658
transverse filament	GO:0000802
transverse flagellum	GO:0097608
tricellular tight junction	GO:0061689
trichocyst	GO:0055039
tripartite viral genome	GO:0019019
tube viral factory	GO:0039719
tubovesicular membrane network	GO:0085026
tubular endosome	GO:0097422
type I terminal bouton	GO:0061174
type II terminal bouton	GO:0061175
type III terminal bouton	GO:0097467
type IV pilus	GO:0044096
type Ib terminal bouton	GO:0061176
type Is terminal bouton	GO:0061177
unencapsulated part of cell	GO:0097653
unicellular trichome apex	GO:0090552
unicellular trichome branch	GO:0090405
unicellular trichome tip	GO:0090553
upper tip-link density	GO:1990435
uropod	GO:0001931
uropod membrane	GO:0031259
vacuolar lumen	GO:0005775
vacuolar membrane	GO:0005774
vacuolar part	GO:0044437
vacuole	GO:0005773
varicosity	GO:0043196
ventral disc	GO:0097597
ventral disc crossbridge	GO:0097595
ventral disc dorsal microribbon	GO:0097594
ventral disc lateral crest	GO:0097591
ventral disc microtubule array	GO:0097593
ventral disc overlap zone	GO:0097592
ventral disc supernumerary microtubule array	GO:0097596
vesicle	GO:0031982
vesicle lumen	GO:0031983
vesicle membrane	GO:0012506
viral assembly compartment	GO:0072516
viral assembly intermediate	GO:0019037
viral capsid	GO:0019028
viral capsid, decoration	GO:0098021
viral capsid, fiber	GO:0098022
viral capsid, internal space	GO:0098061
viral capsid, major subunit	GO:0098017
viral capsid, minor subunit	GO:0098018
viral capsid, turret	GO:0039670
viral envelope	GO:0019031
viral factory	GO:0039713
viral genome	GO:0019015
viral inner capsid	GO:0039625
viral inner membrane	GO:0039641
viral intermediate capsid	GO:0039626
viral membrane	GO:0036338
viral nucleocapsid	GO:0019013
viral occlusion body	GO:0039679
viral outer capsid	GO:0039624
viral procapsid	GO:0046729
viral replication complex	GO:0019034
viral tegument	GO:0019033
virion	GO:0019012
virion membrane	GO:0055036
virion nucleoid	GO:0039642
virion part	GO:0044423
virion transport vesicle	GO:0046816
virogenic stroma	GO:0039720
viroplasm viral factory	GO:0039716
virus tail	GO:0098015
virus tail, baseplate	GO:0098025
virus tail, fiber	GO:0098024
virus tail, major subunit	GO:0098019
virus tail, minor subunit	GO:0098020
virus tail, shaft	GO:0098028
virus tail, sheath	GO:0098027
virus tail, tip	GO:0098023
virus tail, tube	GO:0098026
vitelline envelope	GO:0060388
xanthophore	GO:0031633
yeast-form cell wall	GO:0030445
yolk	GO:0060417
yolk granule	GO:0042718
yolk plasma	GO:0060418
zonula adherens	GO:0005915
zymogen granule	GO:0042588
zymogen granule membrane	GO:0042589
