Abdominal Aorta	UA-ORG-1
Abdominal Aortas	UA-ORG-1
Abdominopelvic Cavities	UA-ORG-2
Abdominopelvic Cavity	UA-ORG-2
Abducens Nerve	UA-ORG-3
Abducens Nerves	UA-ORG-3
Abductor Pollicis Brevis	UA-ORG-4
Abductor Pollicis Brevis Tendon	UA-ORG-5
Abductor Pollicis Brevis Tendons	UA-ORG-5
Abductor Pollicis Brevises	UA-ORG-4
Accessory Digestive Organ	UA-ORG-6
Accessory Digestive Organs	UA-ORG-6
Accessory Nerve	UA-ORG-7
Accessory Nerves	UA-ORG-7
Acetabulum	UA-ORG-8
Acetabulums	UA-ORG-8
Achilles tendon	UA-ORG-9
Achilles tendons	UA-ORG-9
Acoustic Nerve	UA-ORG-10
Acoustic Nerves	UA-ORG-10
Acromial End of the Clavicle	UA-ORG-11
Acromial End of the Clavicles	UA-ORG-11
Acromioclavicular Ligament	UA-ORG-12
Acromioclavicular Ligaments	UA-ORG-12
Adam's apple	UA-ORG-13
Adam's apples	UA-ORG-13
Adductor Brevis	UA-ORG-14
Adductor Brevis Tendon	UA-ORG-15
Adductor Brevis Tendons	UA-ORG-15
Adductor Brevises	UA-ORG-14
Adductor Longus	UA-ORG-16
Adductor Longus Tendon	UA-ORG-17
Adductor Longus Tendons	UA-ORG-17
Adductor Longuses	UA-ORG-16
Adductor Magnus	UA-ORG-18
Adductor Magnus Tendon	UA-ORG-19
Adductor Magnus Tendons	UA-ORG-19
Adductor Magnuses	UA-ORG-18
Adenoid	UA-ORG-20
Adenoids	UA-ORG-20
Adrenal cortex	UA-ORG-21
Adrenal cortexs	UA-ORG-21
Adrenal gland	UA-ORG-22
Adrenal glands	UA-ORG-22
Adrenal medulla	UA-ORG-23
Adrenal medullas	UA-ORG-23
Afferent Lymph Vessel	UA-ORG-24
Afferent Lymph Vessels	UA-ORG-24
Ala of the Ilium	UA-ORG-25
Ala of the Iliums	UA-ORG-25
Aldosterone	UA-ORG-26
Aldosterones	UA-ORG-26
Alimentary Canal	UA-ORG-27
Alimentary Canals	UA-ORG-27
Alveola	UA-ORG-28
Alveoli	UA-ORG-28
Ampulla	UA-ORG-29
Ampullas	UA-ORG-29
Amylase	UA-ORG-30
Amylases	UA-ORG-30
Anal Canal	UA-ORG-31
Anal Canals	UA-ORG-31
Ankle	UA-ORG-32
Ankles	UA-ORG-32
Anterior Cervical Lymph Node	UA-ORG-33
Anterior Cervical Lymph Nodes	UA-ORG-33
Anterior Crest of the Tibia	UA-ORG-34
Anterior Crest of the Tibias	UA-ORG-34
Anterior Cruciate Ligament	UA-ORG-35
Anterior Cruciate Ligaments	UA-ORG-35
Anterior Ethmoid Sinuse	UA-ORG-36
Anterior Ethmoid Sinuses	UA-ORG-36
Anterior Fibers of the Deltoid	UA-ORG-37
Anterior Fibers of the Deltoids	UA-ORG-37
Anterior Interventricular Arteries	UA-ORG-38
Anterior Interventricular Artery	UA-ORG-38
Anterior Leg Muscle	UA-ORG-39
Anterior Leg Muscles	UA-ORG-39
Anterior Lobe of the Pituitary Gland	UA-ORG-40
Anterior Lobe of the Pituitary Glands	UA-ORG-40
Anterior Sacroiliac Ligament	UA-ORG-41
Anterior Sacroiliac Ligaments	UA-ORG-41
Anterior Scalene	UA-ORG-42
Anterior Scalenes	UA-ORG-42
Anterior Sternoclavicular Ligament	UA-ORG-43
Anterior Sternoclavicular Ligaments	UA-ORG-43
Anterior Thigh Muscle	UA-ORG-44
Anterior Thigh Muscles	UA-ORG-44
Anterior Tibial Arteries	UA-ORG-45
Anterior Tibial Artery	UA-ORG-45
Anterior Tibial Vein	UA-ORG-46
Anterior Tibial Veins	UA-ORG-46
Anular Ligament of the Radius	UA-ORG-47
Anular Ligament of the Radiuses	UA-ORG-47
Anus	UA-ORG-48
Anuses	UA-ORG-48
Aorta	UA-ORG-49
Aortas	UA-ORG-49
Aortic Arch	UA-ORG-50
Aortic Archs	UA-ORG-50
Aortic valve	UA-ORG-51
Aortic valves	UA-ORG-51
Apical Pulse	UA-ORG-52
Apical Pulses	UA-ORG-52
Appendicular Skeleton	UA-ORG-53
Appendicular Skeletons	UA-ORG-53
Appendix	UA-ORG-54
Appendixs	UA-ORG-54
Arachnoid Mater	UA-ORG-55
Arachnoid Maters	UA-ORG-55
Areola	UA-ORG-56
Areolas	UA-ORG-56
Arm	UA-ORG-57
Arms	UA-ORG-57
Arteries	UA-ORG-59
Arteriole	UA-ORG-58
Arterioles	UA-ORG-58
Artery	UA-ORG-59
Articular Ligament	UA-ORG-60
Articular Ligaments	UA-ORG-60
Ascending Aorta	UA-ORG-61
Ascending Aortas	UA-ORG-61
Ascending Colon	UA-ORG-62
Ascending Colons	UA-ORG-62
Atlas Axis Joint	UA-ORG-63
Atlas Axis Joints	UA-ORG-63
Atria	UA-ORG-64
Atrias	UA-ORG-64
Atrioventricular Bundle	UA-ORG-65
Atrioventricular Bundles	UA-ORG-65
Atrioventricular Node	UA-ORG-66
Atrioventricular Nodes	UA-ORG-66
Atrioventricular valve	UA-ORG-67
Atrioventricular valves	UA-ORG-67
Auditory Bone	UA-ORG-68
Auditory Bones	UA-ORG-68
Auricle	UA-ORG-69
Auricles	UA-ORG-69
Autonomic nervous system	UA-ORG-70
Autonomic nervous systems	UA-ORG-70
Axial Skeleton	UA-ORG-71
Axial Skeletons	UA-ORG-71
Axilla	UA-ORG-72
Axillary Lymph Node	UA-ORG-73
Axillary Lymph Nodes	UA-ORG-73
Axillary Vein	UA-ORG-74
Axillary Veins	UA-ORG-74
Axillas	UA-ORG-72
Axis	UA-ORG-75
Axises	UA-ORG-75
Azygos Vein	UA-ORG-76
Azygos Veins	UA-ORG-76
Balance	UA-ORG-77
Balances	UA-ORG-77
Ball and Socket Joint	UA-ORG-78
Ball and Socket Joints	UA-ORG-78
Bartholin's gland	UA-ORG-79
Bartholin's glands	UA-ORG-79
Basal Ganglia	UA-ORG-80
Basal Ganglias	UA-ORG-80
Base pair	UA-ORG-81
Base pairs	UA-ORG-81
Basilic Vein	UA-ORG-82
Basilic Veins	UA-ORG-82
Basophil	UA-ORG-83
Basophils	UA-ORG-83
Bicep	UA-ORG-84
Biceps	UA-ORG-84
Biceps Brachia	UA-ORG-85
Biceps Brachii	UA-ORG-85
Biceps Brachii Tendon	UA-ORG-86
Biceps Brachii Tendons	UA-ORG-86
Biceps Femoris	UA-ORG-87
Biceps Femoris Tendon	UA-ORG-88
Biceps Femoris Tendons	UA-ORG-88
Biceps Femorises	UA-ORG-87
Big toe	UA-ORG-89
Big toes	UA-ORG-89
Biliary System	UA-ORG-90
Biliary Systems	UA-ORG-90
Bladder	UA-ORG-91
Bladders	UA-ORG-91
Blood	UA-ORG-92
Blood vessel	UA-ORG-93
Blood vessels	UA-ORG-93
Bloods	UA-ORG-92
Blue-Absorbing Cone	UA-ORG-94
Blue-Absorbing Cones	UA-ORG-94
Body System	UA-ORG-99
Body Systems	UA-ORG-99
Body of the Ilium	UA-ORG-95
Body of the Iliums	UA-ORG-95
Body of the Ischium	UA-ORG-96
Body of the Ischiums	UA-ORG-96
Body of the Pubis	UA-ORG-97
Body of the Pubises	UA-ORG-97
Body of the Stomach	UA-ORG-98
Body of the Stomachs	UA-ORG-98
Bone	UA-ORG-100
Bone marrow	UA-ORG-101
Bone marrows	UA-ORG-101
Bones	UA-ORG-100
Bones of the Feet	UA-ORG-102
Bones of the Feets	UA-ORG-102
Bones of the Lower Extremities	UA-ORG-103
Bones of the Lower Extremity	UA-ORG-103
Bony Labyrinth	UA-ORG-104
Bony Labyrinths	UA-ORG-104
Bony Pelvis	UA-ORG-105
Bony Pelvises	UA-ORG-105
Brachial Arteries	UA-ORG-106
Brachial Artery	UA-ORG-106
Brachial Vein	UA-ORG-107
Brachial Veins	UA-ORG-107
Brachialis	UA-ORG-108
Brachialis Tendon	UA-ORG-109
Brachialis Tendons	UA-ORG-109
Brachialises	UA-ORG-108
Brachiocephalic Arteries	UA-ORG-110
Brachiocephalic Artery	UA-ORG-110
Brachiocephalic Vein	UA-ORG-111
Brachiocephalic Veins	UA-ORG-111
Brachioradialis	UA-ORG-112
Brachioradialis Tendon	UA-ORG-113
Brachioradialis Tendons	UA-ORG-113
Brachioradialises	UA-ORG-112
Brain	UA-ORG-114
Brains	UA-ORG-114
Brainstem	UA-ORG-115
Brainstems	UA-ORG-115
Breast	UA-ORG-116
Breasts	UA-ORG-116
Broncha	UA-ORG-117
Bronchi	UA-ORG-117
Bronchial Arteries	UA-ORG-118
Bronchial Artery	UA-ORG-118
Bronchial Tree	UA-ORG-119
Bronchial Trees	UA-ORG-119
Bronchiole	UA-ORG-120
Bronchioles	UA-ORG-120
Buccinator	UA-ORG-121
Buccinators	UA-ORG-121
Bursa	UA-ORG-122
Bursas	UA-ORG-122
Caecum	UA-ORG-123
Caecums	UA-ORG-123
Calcaneus	UA-ORG-124
Calcaneuses	UA-ORG-124
Calf muscle	UA-ORG-125
Calf muscles	UA-ORG-125
Canine	UA-ORG-126
Canines	UA-ORG-126
Capillaries	UA-ORG-127
Capillary	UA-ORG-127
Capitate	UA-ORG-128
Capitates	UA-ORG-128
Capitulum of the Humerus	UA-ORG-129
Capitulum of the Humeruses	UA-ORG-129
Capsular Ligament of the Sternoclavicular Joint	UA-ORG-130
Capsular Ligament of the Sternoclavicular Joints	UA-ORG-130
Cardia	UA-ORG-131
Cardiac Septum	UA-ORG-133
Cardiac Septums	UA-ORG-133
Cardiac Skeleton	UA-ORG-134
Cardiac Skeletons	UA-ORG-134
Cardiac muscle	UA-ORG-132
Cardiac muscles	UA-ORG-132
Cardias	UA-ORG-131
Cardiopulmonary System	UA-ORG-135
Cardiopulmonary Systems	UA-ORG-135
Carotid Pulse	UA-ORG-136
Carotid Pulses	UA-ORG-136
Carpal	UA-ORG-137
Carpals	UA-ORG-137
Carpometacarpal Joint	UA-ORG-139
Carpometacarpal Joint of the Thumb	UA-ORG-138
Carpometacarpal Joint of the Thumbs	UA-ORG-138
Carpometacarpal Joints	UA-ORG-139
Carpometacarpal Ligament	UA-ORG-140
Carpometacarpal Ligaments	UA-ORG-140
Cartilage	UA-ORG-141
Cartilages	UA-ORG-141
Catecholamine	UA-ORG-142
Catecholamines	UA-ORG-142
Cavity of the Lesser Pelvis	UA-ORG-143
Cavity of the Lesser Pelvises	UA-ORG-143
Cecum	UA-ORG-144
Cecums	UA-ORG-144
Celiac Arteries	UA-ORG-145
Celiac Artery	UA-ORG-145
Cementum	UA-ORG-146
Cementums	UA-ORG-146
Central nervous system	UA-ORG-147
Central nervous systems	UA-ORG-147
Cephalic Vein	UA-ORG-148
Cephalic Veins	UA-ORG-148
Cerebellum	UA-ORG-149
Cerebellums	UA-ORG-149
Cerebral Cortex	UA-ORG-150
Cerebral Cortexs	UA-ORG-150
Cerebral Hemisphere	UA-ORG-151
Cerebral Hemispheres	UA-ORG-151
Cerebrum	UA-ORG-152
Cerebrums	UA-ORG-152
Cervical Lymph Node	UA-ORG-153
Cervical Lymph Nodes	UA-ORG-153
Cervical vertebra	UA-ORG-154
Cervical vertebrae	UA-ORG-154
Cervix	UA-ORG-155
Cervixs	UA-ORG-155
Chambers of the Heart	UA-ORG-156
Chambers of the Hearts	UA-ORG-156
Cheek	UA-ORG-157
Cheekbone	UA-ORG-158
Cheekbones	UA-ORG-158
Cheeks	UA-ORG-157
Chest	UA-ORG-159
Chests	UA-ORG-159
Chordae Tendineae	UA-ORG-160
Chordae Tendineaes	UA-ORG-160
Choroid Layer	UA-ORG-161
Choroid Layers	UA-ORG-161
Choroid Plexus	UA-ORG-162
Choroid Plexuses	UA-ORG-162
Chyme	UA-ORG-163
Chymes	UA-ORG-163
Ciliary Bodies	UA-ORG-164
Ciliary Body	UA-ORG-164
Circulatory system	UA-ORG-165
Circulatory systems	UA-ORG-165
Circumvallate Papillae	UA-ORG-166
Circumvallate Papillaes	UA-ORG-166
Cisterna Chyla	UA-ORG-167
Cisterna Chyli	UA-ORG-167
Clavicle	UA-ORG-168
Clavicles	UA-ORG-168
Clitoris	UA-ORG-169
Clitorises	UA-ORG-169
Coccyx	UA-ORG-170
Coccyxs	UA-ORG-170
Cochlea	UA-ORG-171
Cochleas	UA-ORG-171
Colon	UA-ORG-172
Colons	UA-ORG-172
Columnar Epithelium	UA-ORG-173
Columnar Epitheliums	UA-ORG-173
Common Hepatic Duct	UA-ORG-174
Common Hepatic Ducts	UA-ORG-174
Common Iliac Arteries	UA-ORG-175
Common Iliac Artery	UA-ORG-175
Common Iliac Lymph Node	UA-ORG-176
Common Iliac Lymph Nodes	UA-ORG-176
Common Iliac Vein	UA-ORG-177
Common Iliac Vein	UA-ORG-178
Common Iliac Veins	UA-ORG-177
Common Iliac Veins	UA-ORG-178
Condyles of the Femur	UA-ORG-179
Condyles of the Femurs	UA-ORG-179
Condyles of the Tibia	UA-ORG-180
Condyles of the Tibias	UA-ORG-180
Condyloid Joint	UA-ORG-181
Condyloid Joints	UA-ORG-181
Cone	UA-ORG-182
Cones	UA-ORG-182
Conjunctival membrane	UA-ORG-183
Conjunctival membranes	UA-ORG-183
Coracoacromial Ligament	UA-ORG-184
Coracoacromial Ligaments	UA-ORG-184
Coracobrachialis	UA-ORG-185
Coracobrachialises	UA-ORG-185
Coracoclavicular Ligament	UA-ORG-186
Coracoclavicular Ligaments	UA-ORG-186
Coracohumeral Ligament	UA-ORG-187
Coracohumeral Ligaments	UA-ORG-187
Cornea	UA-ORG-188
Corneas	UA-ORG-188
Coronary Arteries	UA-ORG-189
Coronary Artery	UA-ORG-189
Coronary Capillaries	UA-ORG-190
Coronary Capillary	UA-ORG-190
Coronary Circulatory System	UA-ORG-191
Coronary Circulatory Systems	UA-ORG-191
Coronary Sinus	UA-ORG-192
Coronary Sinuses	UA-ORG-192
Coronary Vein	UA-ORG-193
Coronary Veins	UA-ORG-193
Coronoid Fossa	UA-ORG-194
Coronoid Fossas	UA-ORG-194
Corpus Callosum	UA-ORG-195
Corpus Callosums	UA-ORG-195
Corrugator Supercilia	UA-ORG-196
Corrugator Supercilii	UA-ORG-196
Costoclavicular Ligament	UA-ORG-197
Costoclavicular Ligaments	UA-ORG-197
Coxal Bone	UA-ORG-198
Coxal Bones	UA-ORG-198
Cranial Cavities	UA-ORG-199
Cranial Cavity	UA-ORG-199
Cranial Nerve	UA-ORG-200
Cranial Nerves	UA-ORG-200
Cranial Suture	UA-ORG-201
Cranial Sutures	UA-ORG-201
Cranial Venous Sinuse	UA-ORG-202
Cranial Venous Sinuses	UA-ORG-202
Crista	UA-ORG-203
Cristas	UA-ORG-203
Crown	UA-ORG-204
Crowns	UA-ORG-204
Cuboid	UA-ORG-205
Cuboidal Epithelium	UA-ORG-206
Cuboidal Epitheliums	UA-ORG-206
Cuboids	UA-ORG-205
Cuneiform Bone	UA-ORG-207
Cuneiform Bones	UA-ORG-207
Cystic Duct	UA-ORG-208
Cystic Ducts	UA-ORG-208
Deciduous Teeth	UA-ORG-209
Deciduous Teeths	UA-ORG-209
Deep Femoral Arteries	UA-ORG-210
Deep Femoral Artery	UA-ORG-210
Deltoid	UA-ORG-211
Deltoid Tendon	UA-ORG-212
Deltoid Tendons	UA-ORG-212
Deltoids	UA-ORG-211
Depressor Anguli Oris	UA-ORG-213
Depressor Anguli Orises	UA-ORG-213
Depressor Labii Inferioris	UA-ORG-214
Depressor Labii Inferiorises	UA-ORG-214
Dermis	UA-ORG-215
Dermises	UA-ORG-215
Descending Aorta	UA-ORG-216
Descending Aortas	UA-ORG-216
Descending Colon	UA-ORG-217
Descending Colons	UA-ORG-217
Diaphragm	UA-ORG-218
Diaphragms	UA-ORG-218
Digastric Muscle	UA-ORG-219
Digastric Muscles	UA-ORG-219
Digestive tract	UA-ORG-220
Digestive tracts	UA-ORG-220
Dorsal Carpometacarpal Ligament	UA-ORG-221
Dorsal Carpometacarpal Ligaments	UA-ORG-221
Dorsal Cavities	UA-ORG-222
Dorsal Cavity	UA-ORG-222
Dorsal Radiocarpal Ligament	UA-ORG-223
Dorsal Radiocarpal Ligaments	UA-ORG-223
Dorsal Root Ganglion	UA-ORG-224
Dorsal Root Ganglions	UA-ORG-224
Dorsal Root of Spinal Nerve	UA-ORG-225
Dorsal Root of Spinal Nerves	UA-ORG-225
Dorsalis Pedis	UA-ORG-226
Dorsalis Pedis Pulse	UA-ORG-227
Dorsalis Pedis Pulses	UA-ORG-227
Dorsalis Pedises	UA-ORG-226
Duct of Bartholin	UA-ORG-228
Duct of Bartholins	UA-ORG-228
Duodenum	UA-ORG-229
Duodenums	UA-ORG-229
Dura Mater	UA-ORG-230
Dura Maters	UA-ORG-230
Ear	UA-ORG-231
Ear canal	UA-ORG-232
Ear canals	UA-ORG-232
Eardrum	UA-ORG-233
Eardrums	UA-ORG-233
Earlobe	UA-ORG-234
Earlobes	UA-ORG-234
Ears	UA-ORG-231
Efferent Lymph Vessel	UA-ORG-235
Efferent Lymph Vessels	UA-ORG-235
Elastic Cartilage	UA-ORG-236
Elastic Cartilages	UA-ORG-236
Elbow	UA-ORG-237
Elbow Ligament	UA-ORG-238
Elbow Ligaments	UA-ORG-238
Elbows	UA-ORG-237
Embryo	UA-ORG-239
Embryos	UA-ORG-239
Eminence	UA-ORG-240
Eminences	UA-ORG-240
Endocardium	UA-ORG-241
Endocardiums	UA-ORG-241
Endocrine Gland	UA-ORG-242
Endocrine Glands	UA-ORG-242
Endocrine system	UA-ORG-243
Endocrine systems	UA-ORG-243
Endolympth	UA-ORG-244
Endolympths	UA-ORG-244
Endometrium	UA-ORG-245
Endometriums	UA-ORG-245
Eosinophil	UA-ORG-246
Eosinophils	UA-ORG-246
Epicardium	UA-ORG-247
Epicardiums	UA-ORG-247
Epidermis	UA-ORG-248
Epidermises	UA-ORG-248
Epididymis	UA-ORG-249
Epididymises	UA-ORG-249
Epiglottis	UA-ORG-250
Epiglottises	UA-ORG-250
Epiphyse	UA-ORG-251
Epiphyses	UA-ORG-251
Epithelium	UA-ORG-252
Epitheliums	UA-ORG-252
Esophageal Arteries	UA-ORG-253
Esophageal Artery	UA-ORG-253
Esophagus	UA-ORG-254
Esophaguses	UA-ORG-254
Ethmoid Bone	UA-ORG-255
Ethmoid Bones	UA-ORG-255
Ethmoid Labyrinth	UA-ORG-256
Ethmoid Labyrinths	UA-ORG-256
Ethmoid Sinuse	UA-ORG-257
Ethmoid Sinuses	UA-ORG-257
Eustachian tube	UA-ORG-258
Eustachian tubes	UA-ORG-258
Exocrine Gland	UA-ORG-259
Exocrine Glands	UA-ORG-259
Exocrine system	UA-ORG-260
Exocrine systems	UA-ORG-260
Extensor Carpi Radialis Longus	UA-ORG-261
Extensor Carpi Radialis Longus Tendon	UA-ORG-262
Extensor Carpi Radialis Longus Tendons	UA-ORG-262
Extensor Carpi Radialis Longuses	UA-ORG-261
Extensor Carpi Ulnaris	UA-ORG-263
Extensor Carpi Ulnaris Tendon	UA-ORG-264
Extensor Carpi Ulnaris Tendons	UA-ORG-264
Extensor Carpi Ulnarises	UA-ORG-263
Extensor Digitorum	UA-ORG-265
Extensor Digitorum Brevis	UA-ORG-266
Extensor Digitorum Brevis Tendon	UA-ORG-267
Extensor Digitorum Brevis Tendons	UA-ORG-267
Extensor Digitorum Brevises	UA-ORG-266
Extensor Digitorum Longus	UA-ORG-268
Extensor Digitorum Longus Tendon	UA-ORG-269
Extensor Digitorum Longus Tendons	UA-ORG-269
Extensor Digitorum Longuses	UA-ORG-268
Extensor Digitorum Tendon	UA-ORG-270
Extensor Digitorum Tendons	UA-ORG-270
Extensor Digitorums	UA-ORG-265
Extensor Hallicus Longus	UA-ORG-271
Extensor Hallicus Longuses	UA-ORG-271
Extensor Hallucis Brevis	UA-ORG-272
Extensor Hallucis Brevis Tendon	UA-ORG-273
Extensor Hallucis Brevis Tendons	UA-ORG-273
Extensor Hallucis Brevises	UA-ORG-272
Extensor Hallucis Longus Tendon	UA-ORG-274
Extensor Hallucis Longus Tendons	UA-ORG-274
Extensor Pollicis Brevis	UA-ORG-275
Extensor Pollicis Brevis Tendon	UA-ORG-276
Extensor Pollicis Brevis Tendons	UA-ORG-276
Extensor Pollicis Brevises	UA-ORG-275
Extensor Pollicis Longus	UA-ORG-277
Extensor Pollicis Longus Tendon	UA-ORG-278
Extensor Pollicis Longus Tendons	UA-ORG-278
Extensor Pollicis Longuses	UA-ORG-277
External Auditory Meatus	UA-ORG-279
External Auditory Meatuses	UA-ORG-279
External Iliac Arteries	UA-ORG-280
External Iliac Artery	UA-ORG-280
External Iliac Lymph Node	UA-ORG-281
External Iliac Lymph Nodes	UA-ORG-281
External Iliac Vein	UA-ORG-282
External Iliac Veins	UA-ORG-282
External Intercostal Muscle	UA-ORG-283
External Intercostal Muscles	UA-ORG-283
External Jugular Vein	UA-ORG-284
External Jugular Veins	UA-ORG-284
External Meatus	UA-ORG-285
External Meatuses	UA-ORG-285
External Oblique	UA-ORG-286
External Obliques	UA-ORG-286
External Urethral Sphincter Muscle	UA-ORG-287
External Urethral Sphincter Muscles	UA-ORG-287
Eye	UA-ORG-288
Eyeball	UA-ORG-289
Eyeballs	UA-ORG-289
Eyebrow	UA-ORG-290
Eyebrows	UA-ORG-290
Eyelash	UA-ORG-291
Eyelashs	UA-ORG-291
Eyelid	UA-ORG-292
Eyelids	UA-ORG-292
Eyes	UA-ORG-288
Face	UA-ORG-293
Faces	UA-ORG-293
Facial Nerve	UA-ORG-294
Facial Nerves	UA-ORG-294
Fallopian tube	UA-ORG-295
Fallopian tubes	UA-ORG-295
False Rib	UA-ORG-296
False Ribs	UA-ORG-296
Female Bony Pelvis	UA-ORG-297
Female Bony Pelvises	UA-ORG-297
Female sex organ	UA-ORG-298
Female sex organs	UA-ORG-298
Femoral Arteries	UA-ORG-299
Femoral Artery	UA-ORG-299
Femoral Nerve	UA-ORG-300
Femoral Nerves	UA-ORG-300
Femoral Pulse	UA-ORG-301
Femoral Pulses	UA-ORG-301
Femoral Vein	UA-ORG-302
Femoral Veins	UA-ORG-302
Femur	UA-ORG-303
Femurs	UA-ORG-303
Fetal Remnant Ligament	UA-ORG-304
Fetal Remnant Ligaments	UA-ORG-304
Fetus	UA-ORG-305
Fetuses	UA-ORG-305
Fibrocartilage	UA-ORG-306
Fibrocartilages	UA-ORG-306
Fibula	UA-ORG-307
Fibulas	UA-ORG-307
Fifth Metacarpal	UA-ORG-308
Fifth Metacarpals	UA-ORG-308
Fifth Metatarsal	UA-ORG-309
Fifth Metatarsals	UA-ORG-309
Filiform Papillae	UA-ORG-310
Filiform Papillaes	UA-ORG-310
Finger	UA-ORG-312
Fingernail	UA-ORG-311
Fingernails	UA-ORG-311
Fingers	UA-ORG-312
First Metacarpal	UA-ORG-313
First Metacarpals	UA-ORG-313
First Metatarsal	UA-ORG-314
First Metatarsals	UA-ORG-314
Fixed Joint	UA-ORG-315
Fixed Joints	UA-ORG-315
Flat Bone	UA-ORG-316
Flat Bones	UA-ORG-316
Flexor Carpi Radialis	UA-ORG-317
Flexor Carpi Radialis Tendon	UA-ORG-318
Flexor Carpi Radialis Tendons	UA-ORG-318
Flexor Carpi Radialises	UA-ORG-317
Flexor Carpi Ulnaris	UA-ORG-319
Flexor Carpi Ulnaris Tendon	UA-ORG-320
Flexor Carpi Ulnaris Tendons	UA-ORG-320
Flexor Carpi Ulnarises	UA-ORG-319
Flexor Digitorum Longus	UA-ORG-321
Flexor Digitorum Longus Tendon	UA-ORG-322
Flexor Digitorum Longus Tendons	UA-ORG-322
Flexor Digitorum Longuses	UA-ORG-321
Flexor Digitorum Profundus	UA-ORG-323
Flexor Digitorum Profundus Tendon	UA-ORG-324
Flexor Digitorum Profundus Tendons	UA-ORG-324
Flexor Digitorum Profunduses	UA-ORG-323
Flexor Digitorum Superficialis	UA-ORG-325
Flexor Digitorum Superficialis Tendon	UA-ORG-326
Flexor Digitorum Superficialis Tendons	UA-ORG-326
Flexor Digitorum Superficialises	UA-ORG-325
Flexor Hallicus Longus	UA-ORG-327
Flexor Hallicus Longuses	UA-ORG-327
Flexor Hallucis Longus Tendon	UA-ORG-328
Flexor Hallucis Longus Tendons	UA-ORG-328
Flexor Pollicis Brevis	UA-ORG-329
Flexor Pollicis Brevises	UA-ORG-329
Flexor Pollicis Longus	UA-ORG-330
Flexor Pollicis Longus Tendon	UA-ORG-331
Flexor Pollicis Longus Tendons	UA-ORG-331
Flexor Pollicis Longuses	UA-ORG-330
Floating Rib	UA-ORG-332
Floating Ribs	UA-ORG-332
Foliate Papillae	UA-ORG-333
Foliate Papillaes	UA-ORG-333
Fontanelle	UA-ORG-334
Fontanelles	UA-ORG-334
Foot	UA-ORG-335
Foots	UA-ORG-335
Forearm	UA-ORG-336
Forearms	UA-ORG-336
Foreskin	UA-ORG-337
Foreskins	UA-ORG-337
Fourth Metacarpal	UA-ORG-338
Fourth Metacarpals	UA-ORG-338
Fourth Metatarsal	UA-ORG-339
Fourth Metatarsals	UA-ORG-339
Fovea	UA-ORG-340
Foveas	UA-ORG-340
Free Edge of a Nail	UA-ORG-341
Free Edge of a Nails	UA-ORG-341
Frontal Belly of the Occipitofrontalis	UA-ORG-342
Frontal Belly of the Occipitofrontalises	UA-ORG-342
Frontal Bone	UA-ORG-343
Frontal Bones	UA-ORG-343
Frontal Lobe	UA-ORG-344
Frontal Lobes	UA-ORG-344
Frontal Sinuse	UA-ORG-345
Frontal Sinuses	UA-ORG-345
Fundus	UA-ORG-346
Funduses	UA-ORG-346
Fungiform Papillae	UA-ORG-347
Fungiform Papillaes	UA-ORG-347
Gall bladder	UA-ORG-348
Gall bladders	UA-ORG-348
Ganglion Neuron	UA-ORG-349
Ganglion Neurons	UA-ORG-349
Gastric Gland	UA-ORG-350
Gastric Glands	UA-ORG-350
Gastric Mucosa	UA-ORG-351
Gastric Mucosas	UA-ORG-351
Gastric Pit	UA-ORG-352
Gastric Pits	UA-ORG-352
Gastrocnemius	UA-ORG-353
Gastrocnemiuses	UA-ORG-353
Gastroesophageal Junction	UA-ORG-354
Gastroesophageal Junctions	UA-ORG-354
Gastroesophageal Sphincter	UA-ORG-355
Gastroesophageal Sphincters	UA-ORG-355
General Sensory Area	UA-ORG-356
General Sensory Areas	UA-ORG-356
Geniohyoid Muscle	UA-ORG-357
Geniohyoid Muscles	UA-ORG-357
Genitourinary System	UA-ORG-358
Genitourinary Systems	UA-ORG-358
Germinal Center	UA-ORG-359
Germinal Centers	UA-ORG-359
Glan	UA-ORG-361
Gland	UA-ORG-360
Glands	UA-ORG-360
Glans	UA-ORG-361
Glenohumeral Ligament	UA-ORG-362
Glenohumeral Ligaments	UA-ORG-362
Glenoid Fossa	UA-ORG-363
Glenoid Fossas	UA-ORG-363
Globe of the Eye	UA-ORG-364
Globe of the Eyes	UA-ORG-364
Glossopharyngeal Nerve	UA-ORG-365
Glossopharyngeal Nerves	UA-ORG-365
Glucagon	UA-ORG-366
Glucagons	UA-ORG-366
Glucocorticoid	UA-ORG-367
Glucocorticoids	UA-ORG-367
Gracilis	UA-ORG-368
Gracilis Tendon	UA-ORG-369
Gracilis Tendons	UA-ORG-369
Gracilises	UA-ORG-368
Great Saphenous Vein	UA-ORG-370
Great Saphenous Veins	UA-ORG-370
Great Vessel	UA-ORG-371
Great Vessels	UA-ORG-371
Greater Pelvis	UA-ORG-372
Greater Pelvises	UA-ORG-372
Greater Trochanter	UA-ORG-373
Greater Trochanters	UA-ORG-373
Green-Absorbing Cone	UA-ORG-374
Green-Absorbing Cones	UA-ORG-374
Groin	UA-ORG-375
Groins	UA-ORG-375
Gum	UA-ORG-376
Gums	UA-ORG-376
Gyra	UA-ORG-377
Gyri	UA-ORG-377
Hamate	UA-ORG-378
Hamates	UA-ORG-378
Hamstring	UA-ORG-380
Hamstring Tendon	UA-ORG-379
Hamstring Tendons	UA-ORG-379
Hamstrings	UA-ORG-380
Hand	UA-ORG-381
Hands	UA-ORG-381
Head	UA-ORG-382
Head of the Femur	UA-ORG-383
Head of the Femurs	UA-ORG-383
Head of the Fibula	UA-ORG-384
Head of the Fibulas	UA-ORG-384
Heads	UA-ORG-382
Heart	UA-ORG-385
Heart valve	UA-ORG-386
Heart valves	UA-ORG-386
Hearts	UA-ORG-385
Heel	UA-ORG-387
Heel Bone	UA-ORG-388
Heel Bones	UA-ORG-388
Heels	UA-ORG-387
Hepatic Arteries	UA-ORG-389
Hepatic Artery	UA-ORG-389
Hepatic Vein	UA-ORG-390
Hepatic Veins	UA-ORG-390
Hilar Lymph Node	UA-ORG-391
Hilar Lymph Nodes	UA-ORG-391
Hinge Joint	UA-ORG-392
Hinge Joints	UA-ORG-392
Hip	UA-ORG-393
Hippocampus	UA-ORG-394
Hippocampuses	UA-ORG-394
Hips	UA-ORG-393
Hormonal system	UA-ORG-395
Hormonal systems	UA-ORG-395
Humeral Head	UA-ORG-396
Humeral Heads	UA-ORG-396
Humerus	UA-ORG-397
Humeruses	UA-ORG-397
Hyaline Cartilage	UA-ORG-398
Hyaline Cartilages	UA-ORG-398
Hyman	UA-ORG-399
Hymen	UA-ORG-399
Hypoglossal Nerve	UA-ORG-400
Hypoglossal Nerves	UA-ORG-400
Hypothalamus	UA-ORG-401
Hypothalamuses	UA-ORG-401
Ileocecal Valve	UA-ORG-402
Ileocecal Valves	UA-ORG-402
Ileum	UA-ORG-403
Ileums	UA-ORG-403
Iliac Crest	UA-ORG-404
Iliac Crests	UA-ORG-404
Ilium	UA-ORG-405
Iliums	UA-ORG-405
Immune system	UA-ORG-406
Immune systems	UA-ORG-406
Immunoglobulin	UA-ORG-407
Immunoglobulins	UA-ORG-407
Incisor	UA-ORG-408
Incisors	UA-ORG-408
Incus	UA-ORG-409
Incuses	UA-ORG-409
Inferior Acromioclavicular Ligament	UA-ORG-410
Inferior Acromioclavicular Ligaments	UA-ORG-410
Inferior Concha	UA-ORG-411
Inferior Conchas	UA-ORG-411
Inferior Glenohumeral Ligament	UA-ORG-412
Inferior Glenohumeral Ligaments	UA-ORG-412
Inferior Mesenteric Arteries	UA-ORG-413
Inferior Mesenteric Artery	UA-ORG-413
Inferior Nasal Meata	UA-ORG-414
Inferior Nasal Meati	UA-ORG-414
Inferior Oblique	UA-ORG-415
Inferior Obliques	UA-ORG-415
Inferior Phrenic Arteries	UA-ORG-416
Inferior Phrenic Artery	UA-ORG-416
Inferior Pubic Ligament	UA-ORG-417
Inferior Pubic Ligaments	UA-ORG-417
Inferior Ramus of the Ischium	UA-ORG-418
Inferior Ramus of the Ischiums	UA-ORG-418
Inferior Ramus of the Pubis	UA-ORG-419
Inferior Ramus of the Pubises	UA-ORG-419
Inferior Rectus	UA-ORG-420
Inferior Rectuses	UA-ORG-420
Inferior Tarsus	UA-ORG-421
Inferior Tarsuses	UA-ORG-421
Inferior Transverse Ligament	UA-ORG-422
Inferior Transverse Ligaments	UA-ORG-422
Inferior Turbinate	UA-ORG-423
Inferior Turbinates	UA-ORG-423
Inferior vena cava	UA-ORG-424
Inferior vena cavas	UA-ORG-424
Infrahyoid	UA-ORG-425
Infrahyoids	UA-ORG-425
Infraspinatus	UA-ORG-426
Infraspinatus Tendon	UA-ORG-427
Infraspinatus Tendons	UA-ORG-427
Infraspinatuses	UA-ORG-426
Innermost Intercostal Muscle	UA-ORG-428
Innermost Intercostal Muscles	UA-ORG-428
Integumentary System	UA-ORG-429
Integumentary Systems	UA-ORG-429
Interatrial Septum	UA-ORG-430
Interatrial Septums	UA-ORG-430
Interclavicular Ligament	UA-ORG-431
Interclavicular Ligaments	UA-ORG-431
Intercostal Arteries	UA-ORG-432
Intercostal Artery	UA-ORG-432
Intercostal Nerve	UA-ORG-434
Intercostal Nerves	UA-ORG-434
Intercostal Space	UA-ORG-435
Intercostal Spaces	UA-ORG-435
Intercostal muscle	UA-ORG-433
Intercostal muscles	UA-ORG-433
Intermediate Cuneiform	UA-ORG-436
Intermediate Cuneiforms	UA-ORG-436
Intermediate Lobe of the Pituitary Gland	UA-ORG-437
Intermediate Lobe of the Pituitary Glands	UA-ORG-437
Internal Iliac Arteries	UA-ORG-438
Internal Iliac Artery	UA-ORG-438
Internal Iliac Lymph Node	UA-ORG-439
Internal Iliac Lymph Nodes	UA-ORG-439
Internal Iliac Vein	UA-ORG-440
Internal Iliac Veins	UA-ORG-440
Internal Intercostal Muscle	UA-ORG-441
Internal Intercostal Muscles	UA-ORG-441
Internal Jugular Vein	UA-ORG-442
Internal Jugular Veins	UA-ORG-442
Internal Oblique	UA-ORG-443
Internal Obliques	UA-ORG-443
Internal Urethral Sphincter Muscle	UA-ORG-444
Internal Urethral Sphincter Muscles	UA-ORG-444
Interneuron	UA-ORG-445
Interneurons	UA-ORG-445
Interosseous Carpometacarpal Ligament	UA-ORG-446
Interosseous Carpometacarpal Ligaments	UA-ORG-446
Interosseous Membrane	UA-ORG-449
Interosseous Membrane of the Forearm	UA-ORG-447
Interosseous Membrane of the Forearms	UA-ORG-447
Interosseous Membrane of the Lower Leg	UA-ORG-448
Interosseous Membrane of the Lower Legs	UA-ORG-448
Interosseous Membranes	UA-ORG-449
Interventricular Septum	UA-ORG-450
Interventricular Septums	UA-ORG-450
Intestine	UA-ORG-451
Intestines	UA-ORG-451
Iris	UA-ORG-452
Irises	UA-ORG-452
Irregular Bone	UA-ORG-453
Irregular Bones	UA-ORG-453
Ischium	UA-ORG-454
Ischiums	UA-ORG-454
Islets of Langerhan	UA-ORG-455
Islets of Langerhans	UA-ORG-455
Jaw	UA-ORG-456
Jaws	UA-ORG-456
Jejunum	UA-ORG-457
Jejunums	UA-ORG-457
Joint	UA-ORG-460
Joint Capsule	UA-ORG-458
Joint Capsules	UA-ORG-458
Joint Space	UA-ORG-459
Joint Spaces	UA-ORG-459
Joints	UA-ORG-460
Kidneies	UA-ORG-461
Kidney	UA-ORG-461
Knee	UA-ORG-462
Knee Ligament	UA-ORG-463
Knee Ligaments	UA-ORG-463
Kneecap	UA-ORG-464
Kneecaps	UA-ORG-464
Knees	UA-ORG-462
Knuckle	UA-ORG-465
Knuckles	UA-ORG-465
Labia	UA-ORG-466
Labias	UA-ORG-466
Lacrimal Gland	UA-ORG-467
Lacrimal Glands	UA-ORG-467
Lacriminal Bone	UA-ORG-468
Lacriminal Bones	UA-ORG-468
Laminae of the Ethmoid Sinuse	UA-ORG-469
Laminae of the Ethmoid Sinuses	UA-ORG-469
Large intestine	UA-ORG-470
Large intestines	UA-ORG-470
Laryngopharynx	UA-ORG-471
Laryngopharynxs	UA-ORG-471
Larynx	UA-ORG-472
Larynxs	UA-ORG-472
Lateral Aortic Lymph Node	UA-ORG-473
Lateral Aortic Lymph Nodes	UA-ORG-473
Lateral Collateral Ligament	UA-ORG-474
Lateral Collateral Ligaments	UA-ORG-474
Lateral Condyle of the Femur	UA-ORG-475
Lateral Condyle of the Femurs	UA-ORG-475
Lateral Condyle of the Tibia	UA-ORG-476
Lateral Condyle of the Tibias	UA-ORG-476
Lateral Cuneiform	UA-ORG-477
Lateral Cuneiforms	UA-ORG-477
Lateral Fibers of the Deltoid	UA-ORG-478
Lateral Fibers of the Deltoids	UA-ORG-478
Lateral Head of the Triceps Brachia	UA-ORG-479
Lateral Head of the Triceps Brachii	UA-ORG-479
Lateral Leg Muscle	UA-ORG-480
Lateral Leg Muscles	UA-ORG-480
Lateral Malleolus	UA-ORG-481
Lateral Malleoluses	UA-ORG-481
Lateral Pterygoid	UA-ORG-482
Lateral Pterygoids	UA-ORG-482
Lateral Rectus	UA-ORG-483
Lateral Rectuses	UA-ORG-483
Latissimus Dorsa	UA-ORG-484
Latissimus Dorsi	UA-ORG-484
Latissimus Dorsi Tendon	UA-ORG-485
Latissimus Dorsi Tendons	UA-ORG-485
Left Anterior Descending Arteries	UA-ORG-486
Left Anterior Descending Artery	UA-ORG-486
Left Axillary Arteries	UA-ORG-488
Left Axillary Artery	UA-ORG-488
Left Bundle Branch	UA-ORG-489
Left Bundle Branchs	UA-ORG-489
Left Circumflex Arteries	UA-ORG-490
Left Circumflex Artery	UA-ORG-490
Left Common Carotid Arteries	UA-ORG-491
Left Common Carotid Artery	UA-ORG-491
Left Coronary Arteries	UA-ORG-492
Left Coronary Artery	UA-ORG-492
Left External Carotid Arteries	UA-ORG-493
Left External Carotid Artery	UA-ORG-493
Left Gastric Arteries	UA-ORG-494
Left Gastric Artery	UA-ORG-494
Left General Sensory Area	UA-ORG-495
Left General Sensory Areas	UA-ORG-495
Left Internal Carotid Arteries	UA-ORG-496
Left Internal Carotid Artery	UA-ORG-496
Left Lobe of the Thyroid	UA-ORG-497
Left Lobe of the Thyroids	UA-ORG-497
Left Ophthalmic Arteries	UA-ORG-498
Left Ophthalmic Artery	UA-ORG-498
Left Pulmonary Arteries	UA-ORG-499
Left Pulmonary Artery	UA-ORG-499
Left Subclavian Arteries	UA-ORG-500
Left Subclavian Artery	UA-ORG-500
Left Superficial Temporal Arteries	UA-ORG-501
Left Superficial Temporal Artery	UA-ORG-501
Left Vertebral Arteries	UA-ORG-503
Left Vertebral Artery	UA-ORG-503
Left atrium	UA-ORG-487
Left atriums	UA-ORG-487
Left ventricle	UA-ORG-502
Left ventricles	UA-ORG-502
Leg	UA-ORG-504
Leg Muscle	UA-ORG-505
Leg Muscles	UA-ORG-505
Legs	UA-ORG-504
Len	UA-ORG-506
Lens	UA-ORG-506
Lesser Pelvis	UA-ORG-507
Lesser Pelvises	UA-ORG-507
Lesser Trochanter	UA-ORG-508
Lesser Trochanters	UA-ORG-508
Levator Anguli Oris	UA-ORG-509
Levator Anguli Orises	UA-ORG-509
Levator Labii Superioris	UA-ORG-510
Levator Labii Superioris Alaeque Nasa	UA-ORG-511
Levator Labii Superioris Alaeque Nasi	UA-ORG-511
Levator Labii Superiorises	UA-ORG-510
Levator Palpebrae Superioris	UA-ORG-512
Levator Palpebrae Superiorises	UA-ORG-512
Ligament	UA-ORG-513
Ligaments	UA-ORG-513
Ligamentum Arteriosum	UA-ORG-514
Ligamentum Arteriosums	UA-ORG-514
Ligamentum Teres Hepatis	UA-ORG-515
Ligamentum Teres Hepatises	UA-ORG-515
Ligamentum Venosum	UA-ORG-516
Ligamentum Venosums	UA-ORG-516
Lingual Tonsil	UA-ORG-517
Lingual Tonsils	UA-ORG-517
Lip	UA-ORG-518
Lipase	UA-ORG-519
Lipases	UA-ORG-519
Lips	UA-ORG-518
Liver	UA-ORG-520
Livers	UA-ORG-520
Lobe	UA-ORG-521
Lobes	UA-ORG-521
Lobes of the Brain	UA-ORG-522
Lobes of the Brains	UA-ORG-522
Lobes of the Cerebrum	UA-ORG-523
Lobes of the Cerebrums	UA-ORG-523
Lobes of the Pituitary Gland	UA-ORG-524
Lobes of the Pituitary Glands	UA-ORG-524
Lobes of the Thyroid	UA-ORG-525
Lobes of the Thyroids	UA-ORG-525
Lobule	UA-ORG-526
Lobules	UA-ORG-526
Long Bone	UA-ORG-527
Long Bones	UA-ORG-527
Long Head of the Biceps Brachia	UA-ORG-528
Long Head of the Biceps Brachii	UA-ORG-528
Long Head of the Triceps Brachia	UA-ORG-529
Long Head of the Triceps Brachii	UA-ORG-529
Longus Capitis	UA-ORG-530
Longus Capitises	UA-ORG-530
Longus Colla	UA-ORG-531
Longus Colli	UA-ORG-531
Lower Fibers of the Pectoralis Major	UA-ORG-532
Lower Fibers of the Pectoralis Majors	UA-ORG-532
Lower leg	UA-ORG-533
Lower legs	UA-ORG-533
Lumbar Arteries	UA-ORG-534
Lumbar Artery	UA-ORG-534
Lumbar vertebra	UA-ORG-535
Lumbar vertebrae	UA-ORG-535
Lunate	UA-ORG-536
Lunates	UA-ORG-536
Lung	UA-ORG-537
Lungs	UA-ORG-537
Lunula	UA-ORG-538
Lunulas	UA-ORG-538
Lymph	UA-ORG-539
Lymph Capillaries	UA-ORG-540
Lymph Capillary	UA-ORG-540
Lymph Node Capsule	UA-ORG-541
Lymph Node Capsules	UA-ORG-541
Lymph Organ	UA-ORG-543
Lymph Organs	UA-ORG-543
Lymph node	UA-ORG-542
Lymph nodes	UA-ORG-542
Lymphatic	UA-ORG-546
Lymphatic system	UA-ORG-544
Lymphatic systems	UA-ORG-544
Lymphatic vessel	UA-ORG-545
Lymphatic vessels	UA-ORG-545
Lymphatics	UA-ORG-546
Lymphs	UA-ORG-539
Macrophage System	UA-ORG-547
Macrophage Systems	UA-ORG-547
Macula	UA-ORG-548
Maculas	UA-ORG-548
Major Peripheral Nerve	UA-ORG-549
Major Peripheral Nerves	UA-ORG-549
Major Salivary Gland	UA-ORG-550
Major Salivary Glands	UA-ORG-550
Major Sublingual Duct	UA-ORG-551
Major Sublingual Ducts	UA-ORG-551
Male Bony Pelvis	UA-ORG-552
Male Bony Pelvises	UA-ORG-552
Male sex organ	UA-ORG-553
Male sex organs	UA-ORG-553
Malleola	UA-ORG-554
Malleoli	UA-ORG-554
Malleus	UA-ORG-555
Malleuses	UA-ORG-555
Mandible	UA-ORG-556
Mandibles	UA-ORG-556
Masseter Muscle	UA-ORG-557
Masseter Muscles	UA-ORG-557
Maxilla	UA-ORG-558
Maxillary Sinuse	UA-ORG-559
Maxillary Sinuses	UA-ORG-559
Maxillas	UA-ORG-558
Meatus	UA-ORG-560
Meatuses	UA-ORG-560
Mechanoreceptor	UA-ORG-561
Mechanoreceptors	UA-ORG-561
Medial Collateral Ligament	UA-ORG-562
Medial Collateral Ligaments	UA-ORG-562
Medial Condyle of the Femur	UA-ORG-563
Medial Condyle of the Femurs	UA-ORG-563
Medial Condyle of the Tibia	UA-ORG-564
Medial Condyle of the Tibias	UA-ORG-564
Medial Cuneiform	UA-ORG-565
Medial Cuneiforms	UA-ORG-565
Medial Head of the Triceps Brachia	UA-ORG-566
Medial Head of the Triceps Brachii	UA-ORG-566
Medial Malleolus	UA-ORG-567
Medial Malleoluses	UA-ORG-567
Medial Pterygoid	UA-ORG-568
Medial Pterygoids	UA-ORG-568
Medial Rectus	UA-ORG-569
Medial Rectuses	UA-ORG-569
Medial Thigh Muscle	UA-ORG-570
Medial Thigh Muscles	UA-ORG-570
Median Nerve	UA-ORG-571
Median Nerves	UA-ORG-571
Medical Umbilical Ligament	UA-ORG-572
Medical Umbilical Ligaments	UA-ORG-572
Medulla Oblongata	UA-ORG-573
Medulla Oblongatas	UA-ORG-573
Meissner's Corpuscle	UA-ORG-574
Meissner's Corpuscles	UA-ORG-574
Membranous Labyrinth	UA-ORG-575
Membranous Labyrinths	UA-ORG-575
Meninge	UA-ORG-576
Meninges	UA-ORG-576
Merkel's Disk	UA-ORG-577
Merkel's Disks	UA-ORG-577
Metacarpal	UA-ORG-578
Metacarpals	UA-ORG-578
Metacarpophalangeal Joint	UA-ORG-579
Metacarpophalangeal Joints	UA-ORG-579
Metatarsal	UA-ORG-580
Metatarsals	UA-ORG-580
Metatarsophalangeal Joint	UA-ORG-581
Metatarsophalangeal Joints	UA-ORG-581
Microglia	UA-ORG-582
Microglias	UA-ORG-582
Midbrain	UA-ORG-583
Midbrains	UA-ORG-583
Middle Ethmoid Sinuse	UA-ORG-585
Middle Ethmoid Sinuses	UA-ORG-585
Middle Fibers of the Pectoralis Major	UA-ORG-586
Middle Fibers of the Pectoralis Majors	UA-ORG-586
Middle Glenohumeral Ligament	UA-ORG-587
Middle Glenohumeral Ligaments	UA-ORG-587
Middle Nasal Meata	UA-ORG-588
Middle Nasal Meati	UA-ORG-588
Middle Sacral Arteries	UA-ORG-589
Middle Sacral Artery	UA-ORG-589
Middle Scalene	UA-ORG-590
Middle Scalenes	UA-ORG-590
Middle ear	UA-ORG-584
Middle ears	UA-ORG-584
MiddleTurbinate	UA-ORG-591
MiddleTurbinates	UA-ORG-591
Milk teeth	UA-ORG-592
Milk tooth	UA-ORG-592
Mineralocorticoid	UA-ORG-593
Mineralocorticoids	UA-ORG-593
Minor Salivary Gland	UA-ORG-594
Minor Salivary Glands	UA-ORG-594
Mitral valve	UA-ORG-595
Mitral valves	UA-ORG-595
Molar	UA-ORG-596
Molars	UA-ORG-596
Motor Neuron	UA-ORG-597
Motor Neurons	UA-ORG-597
Mouth	UA-ORG-598
Mouths	UA-ORG-598
Muscle	UA-ORG-599
Muscle Attachment	UA-ORG-600
Muscle Attachments	UA-ORG-600
Muscles	UA-ORG-599
Muscular System	UA-ORG-601
Muscular Systems	UA-ORG-601
Musculoskeletal System	UA-ORG-602
Musculoskeletal Systems	UA-ORG-602
Mylohyoid Muscle	UA-ORG-603
Mylohyoid Muscles	UA-ORG-603
Myocardium	UA-ORG-604
Myocardiums	UA-ORG-604
Nail	UA-ORG-609
Nail Bed	UA-ORG-605
Nail Beds	UA-ORG-605
Nail Bodies	UA-ORG-606
Nail Body	UA-ORG-606
Nail Matrix	UA-ORG-607
Nail Matrixs	UA-ORG-607
Nail Root	UA-ORG-608
Nail Roots	UA-ORG-608
Nails	UA-ORG-609
Nasal Bone	UA-ORG-610
Nasal Bones	UA-ORG-610
Nasal Cartilage	UA-ORG-611
Nasal Cartilages	UA-ORG-611
Nasal Cilia	UA-ORG-612
Nasal Cilias	UA-ORG-612
Nasal Meata	UA-ORG-613
Nasal Meati	UA-ORG-613
Nasal Muscle	UA-ORG-614
Nasal Muscles	UA-ORG-614
Nasal Septum	UA-ORG-615
Nasal Septums	UA-ORG-615
Nasopharynx	UA-ORG-616
Nasopharynxs	UA-ORG-616
Navicular	UA-ORG-617
Naviculars	UA-ORG-617
Neck	UA-ORG-618
Necks	UA-ORG-618
Nephron	UA-ORG-619
Nephrons	UA-ORG-619
Nerve	UA-ORG-622
Nerve Axons of the Pituitary Gland	UA-ORG-620
Nerve Axons of the Pituitary Glands	UA-ORG-620
Nerve Fiber	UA-ORG-621
Nerve Fibers	UA-ORG-621
Nerves	UA-ORG-622
Neuron	UA-ORG-623
Neurons	UA-ORG-623
Neutrophil	UA-ORG-624
Neutrophils	UA-ORG-624
Nipple	UA-ORG-625
Nipples	UA-ORG-625
Node	UA-ORG-626
Nodes	UA-ORG-626
Nose	UA-ORG-627
Noses	UA-ORG-627
Nostril	UA-ORG-628
Nostrils	UA-ORG-628
Oblique	UA-ORG-629
Obliques	UA-ORG-629
Obliquus Capitis Inferior	UA-ORG-630
Obliquus Capitis Inferiors	UA-ORG-630
Obliquus Capitis Superior	UA-ORG-631
Obliquus Capitis Superiors	UA-ORG-631
Occipital Belly of the Occipitofrontalis	UA-ORG-632
Occipital Belly of the Occipitofrontalises	UA-ORG-632
Occipital Bone	UA-ORG-633
Occipital Bones	UA-ORG-633
Occipitofrontal Muscle	UA-ORG-634
Occipitofrontal Muscles	UA-ORG-634
Occipitofrontalis	UA-ORG-635
Occipitofrontalises	UA-ORG-635
Oculomotor Nerve	UA-ORG-636
Oculomotor Nerves	UA-ORG-636
Olecranon Fossa	UA-ORG-637
Olecranon Fossas	UA-ORG-637
Olfactory Nerve	UA-ORG-639
Olfactory Nerves	UA-ORG-639
Olfactory area	UA-ORG-638
Olfactory areas	UA-ORG-638
Omohyoid Muscle	UA-ORG-640
Omohyoid Muscles	UA-ORG-640
Opponens Pollicis	UA-ORG-641
Opponens Pollicis Tendon	UA-ORG-642
Opponens Pollicis Tendons	UA-ORG-642
Opponens Pollicises	UA-ORG-641
Optic Chiasma	UA-ORG-643
Optic Chiasmas	UA-ORG-643
Optic nerve	UA-ORG-644
Optic nerves	UA-ORG-644
Orbicularis Ocula	UA-ORG-645
Orbicularis Oculi	UA-ORG-645
Orbicularis Oris	UA-ORG-646
Orbicularis Orises	UA-ORG-646
Orbitofrontal Cortex	UA-ORG-647
Orbitofrontal Cortexs	UA-ORG-647
Organ of Corta	UA-ORG-648
Organ of Corti	UA-ORG-648
Oropharynx	UA-ORG-649
Oropharynxs	UA-ORG-649
Otolith	UA-ORG-650
Otoliths	UA-ORG-650
Outer ear	UA-ORG-651
Outer ears	UA-ORG-651
Ova	UA-ORG-652
Oval Window	UA-ORG-653
Oval Windows	UA-ORG-653
Ovarian Arteries	UA-ORG-654
Ovarian Artery	UA-ORG-654
Ovarian Vein	UA-ORG-655
Ovarian Veins	UA-ORG-655
Ovaries	UA-ORG-656
Ovary	UA-ORG-656
Ovas	UA-ORG-652
Pacinian Corpuscle	UA-ORG-657
Pacinian Corpuscles	UA-ORG-657
Palatine Bone	UA-ORG-658
Palatine Bones	UA-ORG-658
Palatine Tonsil	UA-ORG-659
Palatine Tonsils	UA-ORG-659
Palm	UA-ORG-660
Palmar Radiocarpal Ligament	UA-ORG-661
Palmar Radiocarpal Ligaments	UA-ORG-661
Palmaris Longus	UA-ORG-662
Palmaris Longus Tendon	UA-ORG-663
Palmaris Longus Tendons	UA-ORG-663
Palmaris Longuses	UA-ORG-662
Palms	UA-ORG-660
Palpable Pulse	UA-ORG-664
Palpable Pulses	UA-ORG-664
Palpebral Aperture	UA-ORG-665
Palpebral Apertures	UA-ORG-665
Pancrea	UA-ORG-666
Pancreas	UA-ORG-666
Pancreatic Acina	UA-ORG-667
Pancreatic Acini	UA-ORG-667
Pancreatic duct	UA-ORG-668
Pancreatic ducts	UA-ORG-668
Pancreatic juice	UA-ORG-669
Pancreatic juices	UA-ORG-669
Papillae	UA-ORG-670
Papillaes	UA-ORG-670
Paranasal Sinus Ostia	UA-ORG-671
Paranasal Sinus Ostias	UA-ORG-671
Paranasal Sinuse	UA-ORG-672
Paranasal Sinuses	UA-ORG-672
Parasympathetic nervous system	UA-ORG-673
Parasympathetic nervous systems	UA-ORG-673
Parathyroid gland	UA-ORG-674
Parathyroid glands	UA-ORG-674
Parietal Bone	UA-ORG-675
Parietal Bones	UA-ORG-675
Parietal Lobe	UA-ORG-676
Parietal Lobes	UA-ORG-676
Parotid Duct	UA-ORG-677
Parotid Ducts	UA-ORG-677
Patellar Ligament	UA-ORG-678
Patellar Ligament	UA-ORG-679
Patellar Ligaments	UA-ORG-678
Patellar Ligaments	UA-ORG-679
Patellar Tendon	UA-ORG-680
Patellar Tendons	UA-ORG-680
Pectineus	UA-ORG-681
Pectineus Tendon	UA-ORG-682
Pectineus Tendons	UA-ORG-682
Pectineuses	UA-ORG-681
Pectoral	UA-ORG-686
Pectoral Girdle	UA-ORG-683
Pectoral Girdles	UA-ORG-683
Pectoralis Major	UA-ORG-684
Pectoralis Majors	UA-ORG-684
Pectoralis Minor	UA-ORG-685
Pectoralis Minors	UA-ORG-685
Pectorals	UA-ORG-686
Pelvic Cavities	UA-ORG-687
Pelvic Cavity	UA-ORG-687
Pelvis	UA-ORG-688
Pelvis Ligament	UA-ORG-689
Pelvis Ligaments	UA-ORG-689
Pelvises	UA-ORG-688
Penis	UA-ORG-690
Penises	UA-ORG-690
Pericardial Arteries	UA-ORG-691
Pericardial Artery	UA-ORG-691
Pericardial Cavities	UA-ORG-692
Pericardial Cavity	UA-ORG-692
Pericardial Sac	UA-ORG-693
Pericardial Sacs	UA-ORG-693
Pericardial Space	UA-ORG-694
Pericardial Spaces	UA-ORG-694
Pericardium	UA-ORG-695
Pericardiums	UA-ORG-695
Perilymph	UA-ORG-696
Perilymphs	UA-ORG-696
Perineum	UA-ORG-697
Perineums	UA-ORG-697
Periodontal Membrane	UA-ORG-698
Periodontal Membranes	UA-ORG-698
Periosteum	UA-ORG-699
Periosteums	UA-ORG-699
Peritoneal Ligament	UA-ORG-700
Peritoneal Ligaments	UA-ORG-700
Peritoneum	UA-ORG-701
Peritoneums	UA-ORG-701
Permanent teeth	UA-ORG-702
Permanent tooth	UA-ORG-702
Peroneal Arteries	UA-ORG-703
Peroneal Artery	UA-ORG-703
Peroneal Tendon	UA-ORG-704
Peroneal Tendons	UA-ORG-704
Peroneus Brevis	UA-ORG-705
Peroneus Brevis Tendon	UA-ORG-706
Peroneus Brevis Tendons	UA-ORG-706
Peroneus Brevises	UA-ORG-705
Peroneus Longus	UA-ORG-707
Peroneus Longus Tendon	UA-ORG-708
Peroneus Longus Tendons	UA-ORG-708
Peroneus Longuses	UA-ORG-707
Peyer's Patche	UA-ORG-709
Peyer's Patches	UA-ORG-709
Phalange	UA-ORG-710
Phalanges	UA-ORG-710
Phalanx	UA-ORG-711
Phalanxs	UA-ORG-711
Photoreceptor	UA-ORG-712
Photoreceptors	UA-ORG-712
Phrenic Nerve	UA-ORG-713
Phrenic Nerves	UA-ORG-713
Pia Mater	UA-ORG-714
Pia Maters	UA-ORG-714
Pineal gland	UA-ORG-715
Pineal glands	UA-ORG-715
Pinna	UA-ORG-716
Pinnas	UA-ORG-716
Pisiform	UA-ORG-717
Pisiforms	UA-ORG-717
Pituitary Infundibulum	UA-ORG-719
Pituitary Infundibulums	UA-ORG-719
Pituitary gland	UA-ORG-718
Pituitary glands	UA-ORG-718
Pivot Joint	UA-ORG-720
Pivot Joints	UA-ORG-720
Placenta	UA-ORG-721
Placentas	UA-ORG-721
Plane Joint	UA-ORG-722
Plane Joints	UA-ORG-722
Plantaris	UA-ORG-723
Plantarises	UA-ORG-723
Planter Arch	UA-ORG-724
Planter Archs	UA-ORG-724
Plasma	UA-ORG-725
Plasmas	UA-ORG-725
Platelet	UA-ORG-727
Platelet Plug	UA-ORG-726
Platelet Plugs	UA-ORG-726
Platelets	UA-ORG-727
Platysma	UA-ORG-728
Platysma Muscle	UA-ORG-729
Platysma Muscles	UA-ORG-729
Platysmas	UA-ORG-728
Pleura	UA-ORG-730
Pleural Space	UA-ORG-733
Pleural Spaces	UA-ORG-733
Pleural cavities	UA-ORG-731
Pleural cavity	UA-ORG-731
Pleural membrane	UA-ORG-732
Pleural membranes	UA-ORG-732
Pleuras	UA-ORG-730
Pon	UA-ORG-734
Pons	UA-ORG-734
Popliteal Arteries	UA-ORG-735
Popliteal Artery	UA-ORG-735
Popliteal Lymph Node	UA-ORG-736
Popliteal Lymph Nodes	UA-ORG-736
Popliteal Pulse	UA-ORG-737
Popliteal Pulses	UA-ORG-737
Popliteal Vein	UA-ORG-738
Popliteal Veins	UA-ORG-738
Popliteus	UA-ORG-739
Popliteus Tendon	UA-ORG-740
Popliteus Tendons	UA-ORG-740
Popliteuses	UA-ORG-739
Portal vein	UA-ORG-741
Portal veins	UA-ORG-741
Posterior Cervical Lymph Node	UA-ORG-742
Posterior Cervical Lymph Nodes	UA-ORG-742
Posterior Cruciate Ligament	UA-ORG-743
Posterior Cruciate Ligaments	UA-ORG-743
Posterior Ethmoid Sinuse	UA-ORG-744
Posterior Ethmoid Sinuses	UA-ORG-744
Posterior Fibers of the Deltoid	UA-ORG-745
Posterior Fibers of the Deltoids	UA-ORG-745
Posterior Lobe of the Pituitary Gland	UA-ORG-746
Posterior Lobe of the Pituitary Glands	UA-ORG-746
Posterior Sacroiliac Ligament	UA-ORG-747
Posterior Sacroiliac Ligaments	UA-ORG-747
Posterior Scalene	UA-ORG-748
Posterior Scalenes	UA-ORG-748
Posterior Sternoclavicular Ligament	UA-ORG-749
Posterior Sternoclavicular Ligaments	UA-ORG-749
Posterior Thigh Muscle	UA-ORG-750
Posterior Thigh Muscles	UA-ORG-750
Posterior Tibial Arteries	UA-ORG-751
Posterior Tibial Artery	UA-ORG-751
Posterior Tibial Vein	UA-ORG-752
Posterior Tibial Veins	UA-ORG-752
Prefrontal Cortex	UA-ORG-753
Prefrontal Cortexs	UA-ORG-753
Premolar Teeth	UA-ORG-754
Premolar Teeths	UA-ORG-754
Premotor Area	UA-ORG-755
Premotor Areas	UA-ORG-755
Primary Auditory Cortex	UA-ORG-756
Primary Auditory Cortexs	UA-ORG-756
Pronator Tere	UA-ORG-757
Pronator Teres	UA-ORG-757
Pronator Teres Tendon	UA-ORG-758
Pronator Teres Tendons	UA-ORG-758
Prostate	UA-ORG-759
Prostates	UA-ORG-759
Pseudostratified Epithelium	UA-ORG-760
Pseudostratified Epitheliums	UA-ORG-760
Pterygoid Muscle	UA-ORG-761
Pterygoid Muscles	UA-ORG-761
Pubic area	UA-ORG-762
Pubic areas	UA-ORG-762
Pubis	UA-ORG-763
Pubises	UA-ORG-763
Pulmonary Capillaries	UA-ORG-765
Pulmonary Capillary	UA-ORG-765
Pulmonary System	UA-ORG-766
Pulmonary Systems	UA-ORG-766
Pulmonary Trunk	UA-ORG-767
Pulmonary Trunks	UA-ORG-767
Pulmonary arteries	UA-ORG-764
Pulmonary artery	UA-ORG-764
Pulmonary valve	UA-ORG-768
Pulmonary valves	UA-ORG-768
Pulmonary vein	UA-ORG-769
Pulmonary veins	UA-ORG-769
Pulp	UA-ORG-770
Pulps	UA-ORG-770
Pupil	UA-ORG-771
Pupils	UA-ORG-771
Purkinje Fiber	UA-ORG-772
Purkinje Fibers	UA-ORG-772
Pyloric sphincter	UA-ORG-773
Pyloric sphincters	UA-ORG-773
Pyramidal Lobe	UA-ORG-774
Pyramidal Lobes	UA-ORG-774
Quadratus Lumborum	UA-ORG-775
Quadratus Lumborums	UA-ORG-775
Quadricep	UA-ORG-776
Quadriceps	UA-ORG-776
Quadriceps Tendon	UA-ORG-777
Quadriceps Tendons	UA-ORG-777
Radial Arteries	UA-ORG-778
Radial Artery	UA-ORG-778
Radial Collateral Ligament of the Elbow	UA-ORG-779
Radial Collateral Ligament of the Elbows	UA-ORG-779
Radial Collateral Ligament of the Wrist	UA-ORG-780
Radial Collateral Ligament of the Wrists	UA-ORG-780
Radial Head	UA-ORG-781
Radial Heads	UA-ORG-781
Radial Nerve	UA-ORG-782
Radial Nerves	UA-ORG-782
Radial Pulse	UA-ORG-783
Radial Pulses	UA-ORG-783
Radial Vein	UA-ORG-784
Radial Veins	UA-ORG-784
Radius	UA-ORG-785
Radiuses	UA-ORG-785
Ramus	UA-ORG-786
Ramuses	UA-ORG-786
Rectum	UA-ORG-787
Rectums	UA-ORG-787
Rectus Abdominis	UA-ORG-788
Rectus Abdominises	UA-ORG-788
Rectus Capitis Anterior	UA-ORG-790
Rectus Capitis Anteriors	UA-ORG-790
Rectus Capitis Lateralis	UA-ORG-791
Rectus Capitis Lateralises	UA-ORG-791
Rectus Capitis Posterior Major	UA-ORG-792
Rectus Capitis Posterior Majors	UA-ORG-792
Rectus Capitis Posterior Minor	UA-ORG-793
Rectus Capitis Posterior Minors	UA-ORG-793
Rectus Femoris	UA-ORG-794
Rectus Femoris Tendon	UA-ORG-795
Rectus Femoris Tendons	UA-ORG-795
Rectus Femorises	UA-ORG-794
Rectus Muscle	UA-ORG-796
Rectus Muscles	UA-ORG-796
Rectus abdominus	UA-ORG-789
Rectus abdominuses	UA-ORG-789
Red Pulp of the Spleen	UA-ORG-797
Red Pulp of the Spleens	UA-ORG-797
Red-Absorbing Cone	UA-ORG-798
Red-Absorbing Cones	UA-ORG-798
Renal Arteries	UA-ORG-799
Renal Artery	UA-ORG-799
Renal Vein	UA-ORG-800
Renal Veins	UA-ORG-800
Reproductive System	UA-ORG-801
Reproductive Systems	UA-ORG-801
Respiratory system	UA-ORG-802
Respiratory systems	UA-ORG-802
Reticular Fiber	UA-ORG-803
Reticular Fibers	UA-ORG-803
Reticuloendothelial System	UA-ORG-804
Reticuloendothelial Systems	UA-ORG-804
Retina	UA-ORG-805
Retinas	UA-ORG-805
Rhomboid	UA-ORG-808
Rhomboid Major	UA-ORG-806
Rhomboid Majors	UA-ORG-806
Rhomboid Minor	UA-ORG-807
Rhomboid Minors	UA-ORG-807
Rhomboids	UA-ORG-808
Rib	UA-ORG-809
Rib cage	UA-ORG-810
Rib cages	UA-ORG-810
Ribs	UA-ORG-809
Right Atrioventricular Groove	UA-ORG-812
Right Atrioventricular Grooves	UA-ORG-812
Right Axillary Arteries	UA-ORG-814
Right Axillary Artery	UA-ORG-814
Right Bundle Branch	UA-ORG-815
Right Bundle Branchs	UA-ORG-815
Right Common Carotid Arteries	UA-ORG-816
Right Common Carotid Artery	UA-ORG-816
Right Coronary Arteries	UA-ORG-817
Right Coronary Artery	UA-ORG-817
Right External Carotid Arteries	UA-ORG-818
Right External Carotid Artery	UA-ORG-818
Right General Sensory Area	UA-ORG-819
Right General Sensory Areas	UA-ORG-819
Right Internal Carotid Arteries	UA-ORG-820
Right Internal Carotid Artery	UA-ORG-820
Right Lobe of the Thyroid	UA-ORG-821
Right Lobe of the Thyroids	UA-ORG-821
Right Motor Area	UA-ORG-822
Right Motor Areas	UA-ORG-822
Right Ophthalmic Arteries	UA-ORG-823
Right Ophthalmic Artery	UA-ORG-823
Right Pulmonary Arteries	UA-ORG-824
Right Pulmonary Artery	UA-ORG-824
Right Subclavian Arteries	UA-ORG-825
Right Subclavian Artery	UA-ORG-825
Right Superficial Temporal Arteries	UA-ORG-826
Right Superficial Temporal Artery	UA-ORG-826
Right Vertebral Arteries	UA-ORG-828
Right Vertebral Artery	UA-ORG-828
Right and Left Hepatic Duct	UA-ORG-811
Right and Left Hepatic Ducts	UA-ORG-811
Right atrium	UA-ORG-813
Right atriums	UA-ORG-813
Right ventricle	UA-ORG-827
Right ventricles	UA-ORG-827
Risorius	UA-ORG-829
Risoriuses	UA-ORG-829
Rod	UA-ORG-830
Rods	UA-ORG-830
Root Canal	UA-ORG-831
Root Canals	UA-ORG-831
Rotator Cuff	UA-ORG-832
Rotator Cuffs	UA-ORG-832
Ruffini Corpuscle	UA-ORG-833
Ruffini Corpuscles	UA-ORG-833
Saccule	UA-ORG-834
Saccules	UA-ORG-834
Sacrospinous Ligament	UA-ORG-835
Sacrospinous Ligaments	UA-ORG-835
Sacrotuberous Ligament	UA-ORG-836
Sacrotuberous Ligaments	UA-ORG-836
Sacrum	UA-ORG-837
Sacrums	UA-ORG-837
Saddle Joint	UA-ORG-838
Saddle Joints	UA-ORG-838
Salivary Duct	UA-ORG-839
Salivary Ducts	UA-ORG-839
Sartorius	UA-ORG-840
Sartorius Tendon	UA-ORG-841
Sartorius Tendons	UA-ORG-841
Sartoriuses	UA-ORG-840
Scalene Muscle	UA-ORG-842
Scalene Muscles	UA-ORG-842
Scalene Tendon	UA-ORG-843
Scalene Tendons	UA-ORG-843
Scalenus Anterior	UA-ORG-844
Scalenus Anteriors	UA-ORG-844
Scalenus Medius	UA-ORG-845
Scalenus Mediuses	UA-ORG-845
Scalenus Minimus	UA-ORG-846
Scalenus Minimuses	UA-ORG-846
Scalenus Posterior	UA-ORG-847
Scalenus Posteriors	UA-ORG-847
Scaphoid	UA-ORG-848
Scaphoids	UA-ORG-848
Scapula	UA-ORG-849
Scapulas	UA-ORG-849
Sciatic Nerve	UA-ORG-850
Sciatic Nerves	UA-ORG-850
Sclera	UA-ORG-851
Scleras	UA-ORG-851
Scrotum	UA-ORG-852
Scrotums	UA-ORG-852
Semicircular Canal	UA-ORG-853
Semicircular Canals	UA-ORG-853
Semilunar Notch	UA-ORG-854
Semilunar Notchs	UA-ORG-854
Semimembranosus	UA-ORG-855
Semimembranosus Tendon	UA-ORG-856
Semimembranosus Tendons	UA-ORG-856
Semimembranosuses	UA-ORG-855
Seminal duct	UA-ORG-857
Seminal ducts	UA-ORG-857
Semitendinosus	UA-ORG-858
Semitendinosus Tendon	UA-ORG-859
Semitendinosus Tendons	UA-ORG-859
Semitendinosuses	UA-ORG-858
Sensory Neuron	UA-ORG-861
Sensory Neurons	UA-ORG-861
Sensory Receptor	UA-ORG-862
Sensory Receptors	UA-ORG-862
Sentinel lymph node	UA-ORG-863
Sentinel lymph nodes	UA-ORG-863
Serratus Anterior	UA-ORG-864
Serratus Anteriors	UA-ORG-864
Sesamoid Bone	UA-ORG-865
Sesamoid Bones	UA-ORG-865
Sex chromosome	UA-ORG-866
Sex chromosomes	UA-ORG-866
Sexual organ	UA-ORG-867
Sexual organs	UA-ORG-867
Sharpey's Fiber	UA-ORG-868
Sharpey's Fibers	UA-ORG-868
Shin	UA-ORG-869
Shins	UA-ORG-869
Short Bone	UA-ORG-870
Short Bones	UA-ORG-870
Short Head of the Biceps Brachia	UA-ORG-871
Short Head of the Biceps Brachii	UA-ORG-871
Shoulder	UA-ORG-872
Shoulder Joint	UA-ORG-873
Shoulder Joints	UA-ORG-873
Shoulder Ligament	UA-ORG-874
Shoulder Ligaments	UA-ORG-874
Shoulders	UA-ORG-872
Sigmoid Colon	UA-ORG-875
Sigmoid Colons	UA-ORG-875
Simple Epithelium	UA-ORG-876
Simple Epitheliums	UA-ORG-876
Sinoatrial node	UA-ORG-877
Sinoatrial nodes	UA-ORG-877
Sinuse	UA-ORG-878
Sinuses	UA-ORG-878
Skeletal System	UA-ORG-880
Skeletal Systems	UA-ORG-880
Skeletal muscle	UA-ORG-879
Skeletal muscles	UA-ORG-879
Skeleton	UA-ORG-881
Skeletons	UA-ORG-881
Skin	UA-ORG-882
Skin fold	UA-ORG-883
Skin folds	UA-ORG-883
Skins	UA-ORG-882
Skull	UA-ORG-884
Skulls	UA-ORG-884
Slightly Movable Joint	UA-ORG-885
Slightly Movable Joints	UA-ORG-885
Small Saphenous Vein	UA-ORG-887
Small Saphenous Veins	UA-ORG-887
Small intestine	UA-ORG-886
Small intestines	UA-ORG-886
Smooth muscle	UA-ORG-888
Smooth muscles	UA-ORG-888
Soleus	UA-ORG-889
Soleuses	UA-ORG-889
Somatosensory Cortex	UA-ORG-890
Somatosensory Cortexs	UA-ORG-890
Sphenoid Bone	UA-ORG-891
Sphenoid Bones	UA-ORG-891
Sphenoid Sinuse	UA-ORG-892
Sphenoid Sinuses	UA-ORG-892
Sphincter Urethrae	UA-ORG-893
Sphincter Urethraes	UA-ORG-893
Spinal Cavities	UA-ORG-894
Spinal Cavity	UA-ORG-894
Spinal Nerve	UA-ORG-896
Spinal Nerves	UA-ORG-896
Spinal Nerves of the Cervical Region	UA-ORG-897
Spinal Nerves of the Cervical Regions	UA-ORG-897
Spinal Nerves of the Lumbar Region	UA-ORG-898
Spinal Nerves of the Lumbar Regions	UA-ORG-898
Spinal Nerves of the Sacral Region	UA-ORG-899
Spinal Nerves of the Sacral Regions	UA-ORG-899
Spinal Nerves of the Thoracic Region	UA-ORG-900
Spinal Nerves of the Thoracic Regions	UA-ORG-900
Spinal cord	UA-ORG-895
Spinal cords	UA-ORG-895
Spine	UA-ORG-901
Spine of the Scapula	UA-ORG-902
Spine of the Scapulas	UA-ORG-902
Spines	UA-ORG-901
Spleen	UA-ORG-903
Spleens	UA-ORG-903
Splenic Arteries	UA-ORG-904
Splenic Artery	UA-ORG-904
Splenius Capitis	UA-ORG-905
Splenius Capitises	UA-ORG-905
Splenius Cervicis	UA-ORG-906
Splenius Cervicises	UA-ORG-906
Splenius Muscle	UA-ORG-907
Splenius Muscles	UA-ORG-907
Squamous Epithelium	UA-ORG-908
Squamous Epitheliums	UA-ORG-908
Stape	UA-ORG-909
Stapes	UA-ORG-909
Stensen's Duct	UA-ORG-910
Stensen's Ducts	UA-ORG-910
Sternal End of the Clavicle	UA-ORG-911
Sternal End of the Clavicles	UA-ORG-911
Sternocleidomastoid	UA-ORG-912
Sternocleidomastoid Tendon	UA-ORG-913
Sternocleidomastoid Tendons	UA-ORG-913
Sternocleidomastoids	UA-ORG-912
Sternohyoid Muscle	UA-ORG-914
Sternohyoid Muscles	UA-ORG-914
Sternothyroid Muscle	UA-ORG-915
Sternothyroid Muscles	UA-ORG-915
Sternum	UA-ORG-916
Sternums	UA-ORG-916
Stomach	UA-ORG-917
Stomachs	UA-ORG-917
Stratified Epithelium	UA-ORG-918
Stratified Epitheliums	UA-ORG-918
Structure of Arteries	UA-ORG-919
Structure of Artery	UA-ORG-919
Structure of Vein	UA-ORG-920
Structure of Veins	UA-ORG-920
Stylohyoid Muscle	UA-ORG-921
Stylohyoid Muscles	UA-ORG-921
Sub-mental Lymph Node	UA-ORG-922
Sub-mental Lymph Nodes	UA-ORG-922
Subarachnoid Space	UA-ORG-923
Subarachnoid Spaces	UA-ORG-923
Subclavian Arteries	UA-ORG-924
Subclavian Artery	UA-ORG-924
Subclavian Vein	UA-ORG-925
Subclavian Veins	UA-ORG-925
Subclavius	UA-ORG-926
Subclavius Tendon	UA-ORG-927
Subclavius Tendons	UA-ORG-927
Subclaviuses	UA-ORG-926
Sublingual Duct	UA-ORG-928
Sublingual Ducts	UA-ORG-928
Sublingual Gland	UA-ORG-929
Sublingual Glands	UA-ORG-929
Submandibular Duct	UA-ORG-930
Submandibular Ducts	UA-ORG-930
Submandibular Gland	UA-ORG-931
Submandibular Glands	UA-ORG-931
Submandibular Lymph Node	UA-ORG-932
Submandibular Lymph Nodes	UA-ORG-932
Subscapularis	UA-ORG-933
Subscapularis Tendon	UA-ORG-934
Subscapularis Tendons	UA-ORG-934
Subscapularises	UA-ORG-933
Sulca	UA-ORG-935
Sulci	UA-ORG-935
Superior Acromioclavicular Ligament	UA-ORG-936
Superior Acromioclavicular Ligaments	UA-ORG-936
Superior Glenohumeral Ligament	UA-ORG-937
Superior Glenohumeral Ligaments	UA-ORG-937
Superior Mesenteric Arteries	UA-ORG-938
Superior Mesenteric Artery	UA-ORG-938
Superior Nasal Meata	UA-ORG-939
Superior Nasal Meati	UA-ORG-939
Superior Oblique	UA-ORG-940
Superior Obliques	UA-ORG-940
Superior Phrenic Arteries	UA-ORG-941
Superior Phrenic Artery	UA-ORG-941
Superior Pubic Ligament	UA-ORG-942
Superior Pubic Ligaments	UA-ORG-942
Superior Ramus of the Ischium	UA-ORG-943
Superior Ramus of the Ischiums	UA-ORG-943
Superior Ramus of the Pubis	UA-ORG-944
Superior Ramus of the Pubises	UA-ORG-944
Superior Rectus	UA-ORG-945
Superior Rectuses	UA-ORG-945
Superior Tarsus	UA-ORG-946
Superior Tarsuses	UA-ORG-946
Superior Transverse Ligament	UA-ORG-947
Superior Transverse Ligaments	UA-ORG-947
Superior Turbinate	UA-ORG-948
Superior Turbinates	UA-ORG-948
Superior vena cava	UA-ORG-949
Superior vena cavas	UA-ORG-949
Supinator	UA-ORG-950
Supinator Tendon	UA-ORG-951
Supinator Tendons	UA-ORG-951
Supinators	UA-ORG-950
Supraclavicular Lymph Node	UA-ORG-952
Supraclavicular Lymph Nodes	UA-ORG-952
Suprahyoid	UA-ORG-953
Suprahyoids	UA-ORG-953
Suprarenal Arteries	UA-ORG-954
Suprarenal Artery	UA-ORG-954
Supraspinatus	UA-ORG-955
Supraspinatus Tendon	UA-ORG-956
Supraspinatus Tendons	UA-ORG-956
Supraspinatuses	UA-ORG-955
Suspensory Ligament	UA-ORG-957
Suspensory Ligament	UA-ORG-958
Suspensory Ligaments	UA-ORG-957
Suspensory Ligaments	UA-ORG-958
Sympathetic nervous system	UA-ORG-959
Sympathetic nervous systems	UA-ORG-959
Synovial Joint	UA-ORG-960
Synovial Joints	UA-ORG-960
Synovial Membrane	UA-ORG-961
Synovial Membranes	UA-ORG-961
Talus	UA-ORG-962
Taluses	UA-ORG-962
Tarsal	UA-ORG-964
Tarsal Plate	UA-ORG-963
Tarsal Plates	UA-ORG-963
Tarsals	UA-ORG-964
Tarsus	UA-ORG-965
Tarsuses	UA-ORG-965
Teeth	UA-ORG-967
Teeths	UA-ORG-967
Temporal Bone	UA-ORG-968
Temporal Bones	UA-ORG-968
Temporal Lobe	UA-ORG-969
Temporal Lobes	UA-ORG-969
Temporal Muscle	UA-ORG-970
Temporal Muscles	UA-ORG-970
Temporal Pulse	UA-ORG-971
Temporal Pulses	UA-ORG-971
Tendon	UA-ORG-972
Tendons	UA-ORG-972
Teres Major	UA-ORG-973
Teres Major Tendon	UA-ORG-974
Teres Major Tendons	UA-ORG-974
Teres Majors	UA-ORG-973
Teres Minor	UA-ORG-975
Teres Minor Tendon	UA-ORG-976
Teres Minor Tendons	UA-ORG-976
Teres Minors	UA-ORG-975
Teres Muscle	UA-ORG-977
Teres Muscles	UA-ORG-977
Teste	UA-ORG-978
Testes	UA-ORG-978
Testicle	UA-ORG-979
Testicle	UA-ORG-980
Testicles	UA-ORG-979
Testicles	UA-ORG-980
Testicular Arteries	UA-ORG-981
Testicular Artery	UA-ORG-981
Testicular Vein	UA-ORG-982
Testicular Veins	UA-ORG-982
Thalamus	UA-ORG-983
Thalamuses	UA-ORG-983
Thenar Muscle	UA-ORG-984
Thenar Muscles	UA-ORG-984
Thigh	UA-ORG-985
Thighs	UA-ORG-985
Third Metacarpal	UA-ORG-986
Third Metacarpals	UA-ORG-986
Third Metatarsal	UA-ORG-987
Third Metatarsals	UA-ORG-987
Thoracic Aorta	UA-ORG-988
Thoracic Aortas	UA-ORG-988
Thoracic Cavities	UA-ORG-989
Thoracic Cavity	UA-ORG-989
Thoracic Diaphragm	UA-ORG-990
Thoracic Diaphragms	UA-ORG-990
Thoracic Duct	UA-ORG-991
Thoracic Ducts	UA-ORG-991
Thoracic vertebra	UA-ORG-992
Thoracic vertebrae	UA-ORG-992
Thorax	UA-ORG-993
Thoraxs	UA-ORG-993
Throat	UA-ORG-994
Throats	UA-ORG-994
Thumb	UA-ORG-995
Thumbs	UA-ORG-995
Thymus	UA-ORG-996
Thymuses	UA-ORG-996
Thyrohyoid Muscle	UA-ORG-998
Thyrohyoid Muscles	UA-ORG-998
Thyroid	UA-ORG-997
Thyroid Follicle	UA-ORG-999
Thyroid Follicles	UA-ORG-999
Thyroid Isthmus	UA-ORG-1001
Thyroid Isthmuses	UA-ORG-1001
Thyroid gland	UA-ORG-1000
Thyroid glands	UA-ORG-1000
Thyroids	UA-ORG-997
Tibia	UA-ORG-1002
Tibialis Anterior	UA-ORG-1003
Tibialis Anterior Tendon	UA-ORG-1004
Tibialis Anterior Tendons	UA-ORG-1004
Tibialis Anteriors	UA-ORG-1003
Tibialis Posterior	UA-ORG-1005
Tibialis Posterior Pulse	UA-ORG-1006
Tibialis Posterior Pulses	UA-ORG-1006
Tibialis Posterior Tendon	UA-ORG-1007
Tibialis Posterior Tendons	UA-ORG-1007
Tibialis Posteriors	UA-ORG-1005
Tibias	UA-ORG-1002
Toe	UA-ORG-1009
Toenail	UA-ORG-1008
Toenails	UA-ORG-1008
Toes	UA-ORG-1009
Tongue	UA-ORG-1010
Tongues	UA-ORG-1010
Tonsil	UA-ORG-1013
Tonsillar Crypt	UA-ORG-1011
Tonsillar Crypts	UA-ORG-1011
Tonsillar Lymph Node	UA-ORG-1012
Tonsillar Lymph Nodes	UA-ORG-1012
Tonsils	UA-ORG-1013
Tooth	UA-ORG-966
Tooth Enamel	UA-ORG-1014
Tooth Enamels	UA-ORG-1014
Tooth Neck	UA-ORG-1015
Tooth Necks	UA-ORG-1015
Tooth Root	UA-ORG-1016
Tooth Roots	UA-ORG-1016
Tooth Socket	UA-ORG-1017
Tooth Sockets	UA-ORG-1017
Tooth Structure	UA-ORG-1018
Tooth Structures	UA-ORG-1018
Tooths	UA-ORG-966
Touch Receptor	UA-ORG-1019
Touch Receptors	UA-ORG-1019
Trabeculae	UA-ORG-1020
Trabeculaes	UA-ORG-1020
Trachea	UA-ORG-1021
Tracheas	UA-ORG-1021
Transitional Epithelium	UA-ORG-1022
Transitional Epitheliums	UA-ORG-1022
Transverse Abdominis	UA-ORG-1023
Transverse Abdominises	UA-ORG-1023
Transverse Colon	UA-ORG-1024
Transverse Colons	UA-ORG-1024
Transverse Humeral Ligament	UA-ORG-1025
Transverse Humeral Ligaments	UA-ORG-1025
Trapezium	UA-ORG-1026
Trapeziums	UA-ORG-1026
Trapezoid	UA-ORG-1027
Trapezoids	UA-ORG-1027
Triangular Bone	UA-ORG-1028
Triangular Bones	UA-ORG-1028
Tricep	UA-ORG-1029
Triceps	UA-ORG-1029
Tricuspid valve	UA-ORG-1030
Tricuspid valves	UA-ORG-1030
Trigeminal Nerve	UA-ORG-1031
Trigeminal Nerves	UA-ORG-1031
Trigone	UA-ORG-1032
Trigones	UA-ORG-1032
Trochlea of the Humerus	UA-ORG-1033
Trochlea of the Humeruses	UA-ORG-1033
Trochlear Nerve	UA-ORG-1034
Trochlear Nerves	UA-ORG-1034
True Rib	UA-ORG-1035
True Ribs	UA-ORG-1035
Tubal Tonsil	UA-ORG-1036
Tubal Tonsils	UA-ORG-1036
Tunica Externa	UA-ORG-1037
Tunica Externas	UA-ORG-1037
Tunica Intima	UA-ORG-1038
Tunica Intimas	UA-ORG-1038
Tunica Media	UA-ORG-1039
Tunica Medias	UA-ORG-1039
Turbinate	UA-ORG-1040
Turbinates	UA-ORG-1040
Tympanic Membrane	UA-ORG-1041
Tympanic Membranes	UA-ORG-1041
Ulna	UA-ORG-1042
Ulnar Arteries	UA-ORG-1043
Ulnar Artery	UA-ORG-1043
Ulnar Collateral Ligament	UA-ORG-1044
Ulnar Collateral Ligaments	UA-ORG-1044
Ulnar Vein	UA-ORG-1046
Ulnar Veins	UA-ORG-1046
Ulnar nerve	UA-ORG-1045
Ulnar nerves	UA-ORG-1045
Ulnas	UA-ORG-1042
Umbilical cord	UA-ORG-1047
Umbilical cords	UA-ORG-1047
Upper Fibers of the Pectoralis Major	UA-ORG-1049
Upper Fibers of the Pectoralis Majors	UA-ORG-1049
Upper arm	UA-ORG-1048
Upper arms	UA-ORG-1048
Ureter	UA-ORG-1050
Ureters	UA-ORG-1050
Urethra	UA-ORG-1051
Urethral Sphincter	UA-ORG-1052
Urethral Sphincters	UA-ORG-1052
Urethras	UA-ORG-1051
Urinary tract	UA-ORG-1053
Urinary tracts	UA-ORG-1053
Uterus	UA-ORG-1054
Uteruses	UA-ORG-1054
Utricle	UA-ORG-1055
Utricles	UA-ORG-1055
Uvea	UA-ORG-1056
Uveas	UA-ORG-1056
Vagina	UA-ORG-1057
Vaginas	UA-ORG-1057
Vagus Nerve	UA-ORG-1058
Vagus Nerves	UA-ORG-1058
Valve Cusp	UA-ORG-1059
Valve Cusps	UA-ORG-1059
Valves of Heister	UA-ORG-1060
Valves of Heisters	UA-ORG-1060
Valves of the Heart	UA-ORG-1061
Valves of the Hearts	UA-ORG-1061
Vas deferen	UA-ORG-1062
Vas deferens	UA-ORG-1062
Vastus Intermedius	UA-ORG-1063
Vastus Intermediuses	UA-ORG-1063
Vastus Lateralis	UA-ORG-1064
Vastus Lateralis Tendon	UA-ORG-1065
Vastus Lateralis Tendons	UA-ORG-1065
Vastus Lateralises	UA-ORG-1064
Vastus Medialis	UA-ORG-1066
Vastus Medialises	UA-ORG-1066
Vein	UA-ORG-1067
Veins	UA-ORG-1067
Vena Cavae	UA-ORG-1069
Vena Cavaes	UA-ORG-1069
Vena cava	UA-ORG-1068
Vena cavas	UA-ORG-1068
Ventral Cavities	UA-ORG-1070
Ventral Cavity	UA-ORG-1070
Ventral Root of Spinal Nerve	UA-ORG-1071
Ventral Root of Spinal Nerves	UA-ORG-1071
Ventricle	UA-ORG-1072
Ventricles	UA-ORG-1072
Venule	UA-ORG-1073
Venules	UA-ORG-1073
Vestibule	UA-ORG-1074
Vestibules	UA-ORG-1074
Vestibulocochlear Nerve	UA-ORG-1075
Vestibulocochlear Nerves	UA-ORG-1075
Virchow's Lymph Node	UA-ORG-1076
Virchow's Lymph Nodes	UA-ORG-1076
Visceral Pericardium	UA-ORG-1077
Visceral Pericardiums	UA-ORG-1077
Visual Receptor	UA-ORG-1078
Visual Receptors	UA-ORG-1078
Vitreous	UA-ORG-1079
Vitreouses	UA-ORG-1079
Volar Arch	UA-ORG-1080
Volar Archs	UA-ORG-1080
Volar Carpometacarpal Ligament	UA-ORG-1081
Volar Carpometacarpal Ligaments	UA-ORG-1081
Von Ebner's Gland	UA-ORG-1082
Von Ebner's Glands	UA-ORG-1082
Vulva	UA-ORG-1083
Vulvas	UA-ORG-1083
Waldeyer's Tonsillar Ring	UA-ORG-1084
Waldeyer's Tonsillar Rings	UA-ORG-1084
Wharton's Duct	UA-ORG-1085
Wharton's Ducts	UA-ORG-1085
White Pulp of the Spleen	UA-ORG-1086
White Pulp of the Spleens	UA-ORG-1086
Wisdom Teeth	UA-ORG-1087
Wisdom Teeths	UA-ORG-1087
Wrist	UA-ORG-1088
Wrist Extensor Muscle	UA-ORG-1089
Wrist Extensor Muscles	UA-ORG-1089
Wrist Flexor Muscle	UA-ORG-1090
Wrist Flexor Muscles	UA-ORG-1090
Wrists	UA-ORG-1088
Zygomatic Bone	UA-ORG-1091
Zygomatic Bones	UA-ORG-1091
Zygomaticus Major	UA-ORG-1092
Zygomaticus Majors	UA-ORG-1092
Zygomaticus Minor	UA-ORG-1093
Zygomaticus Minors	UA-ORG-1093
