14-3-3 protein gamma proteolytic cleavage product	PR:000021868
155 kDa platelet multimerin (human)	PR:000050084
2K	PR:000036831
2K fragment	PR:000036831
2KNS4B	PR:000036842
2'-O-methyltransferase (SARS-CoV-2)	PR:000050288
2'-O-ribose methyltransferase (SARS-CoV-2)	PR:000050288
30S ribosomal protein S1 isoform 1 unmodified form	PR:000024987
3C-like proteinase (SARS-CoV-2)	PR:000050274
3CL-PRO (SARS-CoV-2)	PR:000050274
3CLpro (SARS-CoV-2)	PR:000050274
3CLp (SARS-CoV-2)	PR:000050274
40S ribosomal protein S27a	PR:000035718
40S ribosomal protein S30	PR:000050156
50S ribosomal protein L9 isoform 1 unmodified form	PR:000024977
5'-nucleotidase proteolytic cleavage product	PR:000018524
60S ribosomal protein L40	PR:000035724
Abeta	PR:000036193
acid ceramidase proteolytic cleavage product	PR:000019059
acid shock protein proteolytic cleavage product	PR:000024304
acrosin proteolytic cleavage product	PR:000018880
actin, cytoplasmic 1 proteolytic cleavage product	PR:000018885
actin, cytoplasmic 2 proteolytic cleavage product	PR:000018887
activated factor Xa heavy chain	PR:000035936
acyloxyacyl hydrolase proteolytic cleavage product	PR:000018999
ADAM 17 endopeptidase proteolytic cleavage product	PR:000018362
adenylosuccinate lyase isoform 1 unmodified form	PR:000024881
ADGRL1/iso:4/Clv:1	PR:000001274
ADGRL1/iso:4/Clv:2	PR:000001275
AGER/Clv:ecto	PR:000045354
AGER/Clv:intracellular	PR:000045350
aggrecan core protein proteolytic cleavage product	PR:000018864
AICD-50	PR:000025589
AICD-57	PR:000025585
AICD-59	PR:000025586
AID(50)	PR:000025589
AID(57)	PR:000025585
AID(59)	PR:000025586
albumin proteolytic cleavage product	PR:000018950
alpha-1-antitrypsin proteolytic cleavage product	PR:000021416
alpha-2-antiplasmin proteolytic cleavage product	PR:000021440
alpha-DG (mouse)	PR:000037405
alpha-dystroglycan	PR:000037405
alpha-latrotoxin proteolytic cleavage product	PR:000025413
alpha-S1-casein derived peptide	PR:000036522
alpha-S1-casein proteolytic cleavage product	PR:000019524
alpha-S2-casein derived peptide	PR:000036523
AMH/iso:1/Clv:1	PR:000001277
AMH/iso:1/ClvGlyco:2	PR:000000534
amphiregulin proteolytic cleavage product	PR:000019041
amyloid beta peptide	PR:000036193
Amyloid intracellular domain 50	PR:000025589
Amyloid intracellular domain 57	PR:000025585
Amyloid intracellular domain 59	PR:000025586
anchC	PR:000036819
anchored C	PR:000036819
ang 1-7	PR:000036013
ang 1-9	PR:000036012
ang I	PR:000036008
ang II	PR:000036009
ang III	PR:000036010
angiotensin 1-10	PR:000036008
angiotensin 1-7	PR:000036013
angiotensin 1-8	PR:000036009
angiotensin 1-9	PR:000036012
angiotensin 2	PR:000036009
angiotensin 2-8	PR:000036010
angiotensin 3	PR:000036010
angiotensin 3-8	PR:000036011
angiotensin 4	PR:000036011
angiotensin I	PR:000036008
angiotensin II	PR:000036009
angiotensin III	PR:000036010
angiotensin IV	PR:000036011
angiotensinogen proteolytic cleavage product	PR:000018932
ang IV	PR:000036011
antigen 43 proteolytic cleavage product	PR:000024433
apolipoprotein A-II proteolytic cleavage product	PR:000019013
apolipoprotein A-I proteolytic cleavage product	PR:000019010
apolipoprotein B-100 proteolytic cleavage product	PR:000019018
apolipoprotein F proteolytic cleavage product	PR:000019029
APP-C80	PR:000025582
APP-C83	PR:000025581
APP-C99	PR:000025580
APP-CTF(50)	PR:000025589
APP-CTF(57)	PR:000025585
APP-CTF(59)	PR:000025586
APP-P3(40)	PR:000025588
APP-P3(42)	PR:000025587
APP-preCTF	PR:000025744
arylsulfatase A proteolytic cleavage product	PR:000019058
aS1-CN (f)	PR:000036522
aS2-CN (f)	PR:000036523
auxin-responsive protein IAA7 unmodified form	PR:000028462
azurocidin proteolytic cleavage product	PR:000019098
basigin proteolytic cleavage product	PR:000025414
Bcl-2-like protein 11 isoform 2 unmodified form	PR:000002835
b-CN (f)	PR:000036524
beclin-1 isoform 1 unmodified form	PR:000027486
beta-2-microglobulin proteolytic cleavage product	PR:000019110
beta-amyloid protein	PR:000036193
beta-APP	PR:000036193
beta-casein derived peptide	PR:000036524
beta-crystallin B1 proteolytic cleavage product	PR:000019505
beta-defensin 1 proteolytic cleavage product	PR:000019661
beta-defensin 8 proteolytic cleavage product	PR:000019717
beta-DG (mouse)	PR:000037406
beta-dystroglycan	PR:000037406
beta-secretase 1 proteolytic cleavage product	PR:000019112
beta-secretase 2 proteolytic cleavage product	PR:000019113
BH3-interacting domain death agonist p11	PR:000002441
BH3-interacting domain death agonist p13	PR:000002440
BH3-interacting domain death agonist p15	PR:000002439
BID/iso:1/Clv:1	PR:000002439
BID/iso:1/Clv:2	PR:000002440
BID/iso:1/Clv:3	PR:000002441
biglycan proteolytic cleavage product	PR:000019131
BMP2 proteolytic cleavage product	PR:000018286
BMP4 proteolytic cleavage product	PR:000018287
BMP5 proteolytic cleavage product	PR:000021931
BMP6 proteolytic cleavage product	PR:000021932
BMP7 proteolytic cleavage product	PR:000018288
C3a anaphylatoxin	PR:000050122
C3/alpha	PR:000050120
C3/alpha/ClvPrd	PR:000050113
C3 anaphylatoxin	PR:000050122
C3/ASP	PR:000050123
C3/b-alpha'	PR:000050124
C3/beta	PR:000050119
C3-beta-c	PR:000050121
C3/beta-c	PR:000050121
C3/C3a	PR:000050122
C3/c-alpha'f1	PR:000050149
C3/c-alpha'f2	PR:000050129
C3/d	PR:000050131
C3/dg	PR:000050127
C3/f	PR:000050128
C3/g	PR:000050130
C80	PR:000025582
C83	PR:000025581
C99	PR:000025580
CACNA2D1/Clv:1	PR:000050068
CACNA2D1/Clv:2	PR:000050069
cadherin-13 proteolytic cleavage product	PR:000019284
cadherin-1 proteolytic cleavage product	PR:000018481
cadherin-2 proteolytic cleavage product	PR:000018480
cadherin-3 proteolytic cleavage product	PR:000019287
calsyntenin-1 proteolytic cleavage product	PR:000019376
capsid protein C	PR:000036819
carbonic anhydrase 4 proteolytic cleavage product	PR:000019204
carboxypeptidase A1 proteolytic cleavage product	PR:000019451
carboxypeptidase A2 proteolytic cleavage product	PR:000019452
carboxypeptidase B2 proteolytic cleavage product	PR:000019459
carboxypeptidase B proteolytic cleavage product	PR:000019458
carboxypeptidase E proteolytic cleavage product	PR:000019460
carboxypeptidase Q proteolytic cleavage product	PR:000020945
casein derived peptide	PR:000028527
CASP1/iso:1/Clv:1	PR:000002449
CASP1/iso:1/Clv:2	PR:000002450
CASP2/p12	PR:000002453
CASP2/p13	PR:000002452
CASP2/p18	PR:000002451
CASP3/iso:1/Clv:1	PR:000002454
CASP3/iso:1/Clv:2	PR:000002455
CASP6/p11	PR:000002456
CASP6/p18	PR:000002457
CASP7/p11	PR:000002458
CASP7/p20	PR:000002459
CASP8/iso:1/Clv:1	PR:000036062
CASP8/iso:1/Clv:2	PR:000036064
CASP9/iso:1/p10	PR:000002461
CASP9/iso:1/p35	PR:000002460
CASP9/p10	PR:000050090
CASP9/p35	PR:000050089
caspase-10 proteolytic cleavage product	PR:000018759
caspase-14 proteolytic cleavage product	PR:000019242
caspase-1 isoform 1 cleaved 1	PR:000002449
caspase-1 isoform 1 cleaved 2	PR:000002450
caspase-1 proteolytic cleavage product	PR:000018758
caspase-1 subunit p10	PR:000002450
caspase-1 subunit p20	PR:000002449
caspase-2 proteolytic cleavage product	PR:000018761
caspase-2 subunit p12	PR:000002453
caspase-2 subunit p13	PR:000002452
caspase-2 subunit p18	PR:000002451
caspase-3 isoform 1 cleaved 1	PR:000002454
caspase-3 isoform 1 cleaved 2	PR:000002455
caspase-3 proteolytic cleavage product	PR:000018762
caspase-3 subunit p12	PR:000002454
caspase-3 subunit p17	PR:000002455
caspase-4 proteolytic cleavage product	PR:000018763
caspase-5 proteolytic cleavage product	PR:000018764
caspase-6 large subunit	PR:000002457
caspase-6 proteolytic cleavage product	PR:000018765
caspase-6 small subunit	PR:000002456
caspase-6 subunit p11	PR:000002456
caspase-6 subunit p18	PR:000002457
caspase-7 proteolytic cleavage product	PR:000018767
caspase-7 subunit p11	PR:000002458
caspase-7 subunit p20	PR:000002459
caspase-8 isoform 1 cleaved 1	PR:000036062
caspase-8 isoform 1 cleaved 2	PR:000036064
caspase-8 proteolytic cleavage product	PR:000018768
caspase-8 subunit p10	PR:000036064
caspase-8 subunit p18	PR:000036062
caspase-9 isoform 1 subunit p10	PR:000002461
caspase-9 isoform 1 subunit p35	PR:000002460
caspase-9 proteolytic cleavage product	PR:000018769
caspase-9 subunit p10	PR:000050090
caspase-9 subunit p35	PR:000050089
catenin beta-1 isoform 1 unmodified form	PR:000002862
cathepsin B proteolytic cleavage product	PR:000019555
cathepsin D proteolytic cleavage product	PR:000019561
cathepsin E proteolytic cleavage product	PR:000019564
cathepsin F proteolytic cleavage product	PR:000019565
cathepsin G proteolytic cleavage product	PR:000019568
cathepsin H proteolytic cleavage product	PR:000019571
cathepsin J proteolytic cleavage product	PR:000019639
cathepsin K proteolytic cleavage product	PR:000018547
cathepsin L1 proteolytic cleavage product	PR:000019574
cathepsin L2 proteolytic cleavage product	PR:000019575
cathepsin M proteolytic cleavage product	PR:000019640
cathepsin O proteolytic cleavage product	PR:000019576
cathepsin S proteolytic cleavage product	PR:000019577
cathepsin Z proteolytic cleavage product	PR:000019580
C-C motif chemokine 3 proteolytic cleavage product	PR:000018732
C-C motif chemokine 4 proteolytic cleavage product	PR:000018735
C-C motif chemokine 5 proteolytic cleavage product	PR:000018718
C-C motif chemokine 6 proteolytic cleavage product	PR:000019627
C-C motif chemokine 8 proteolytic cleavage product	PR:000018738
C-C motif chemokine 9 proteolytic cleavage product	PR:000019628
CD14/iso:1/Clv:1/soluble	PR:000002146
CD14/iso:1/ClvPrd/anchored	PR:000002148
CD14/iso:1/ClvPrd/soluble	PR:000036849
CD14 molecule isoform 1 cleaved 1	PR:000002146
CD14 molecule isoform 1 cleaved 1 soluble form	PR:000002146
CD14 molecule isoform 1 cleaved and soluble form	PR:000036849
CD2 molecule proteolytic cleavage product	PR:000025455
CD48 molecule proteolytic cleavage product	PR:000018381
CD59 glycoprotein proteolytic cleavage product	PR:000019275
CDK5R1/Clv:1	PR:000050087
cerebellin-1 proteolytic cleavage product	PR:000019244
chaperone protein ClpB isoform 1 unmodified form	PR:000024929
cholecystokinin proteolytic cleavage product	PR:000019255
Cholera enterotoxin A1 chain	PR:000021965
Cholera enterotoxin A2 chain	PR:000021966
Cholera enterotoxin alpha chain	PR:000021965
Cholera enterotoxin gamma chain	PR:000021966
cholera enterotoxin subunit A1	PR:000021965
cholera enterotoxin subunit A2	PR:000021966
chondrocalcin	PR:000003367
chordin isoform 1 cleaved 2	PR:000000425
chordin proteolytic cleavage product	PR:000025419
CHRD/iso:1/Clv:2	PR:000000425
chromogranin-A proteolytic cleavage product	PR:000019326
chymase proteolytic cleavage product	PR:000019382
chymotrypsin-C proteolytic cleavage product	PR:000019551
chymotrypsinogen B2 proteolytic cleavage product	PR:000019550
chymotrypsinogen B proteolytic cleavage product	PR:000019549
clusterin proteolytic cleavage product	PR:000019379
c-myc protein isoform 1 unmodified form	PR:000002503
CN (f)	PR:000028527
coagulation factor IXa heavy chain	PR:000035934
coagulation factor IX proteolytic cleavage product	PR:000019842
coagulation factor VIIa heavy chain	PR:000035926
coagulation factor VIIa light chain	PR:000050103
coagulation factor VII light chain	PR:000050103
coagulation factor VII zymogen	PR:000050102
coagulation factor V light chain	PR:000035910
coagulation factor V proteolytic cleavage product	PR:000019837
coagulation factor XI proteolytic cleavage product	PR:000019826
coagulation factor X proteolytic cleavage product	PR:000019823
cochlin C-terminal fragment (mouse)	PR:000037263
cochlin p18 (mouse)	PR:000037262
cochlin p40 (mouse)	PR:000037263
cochlin p8 (mouse)	PR:000037261
cochlin proteolytic cleavage product	PR:000037270
COL1A1/iso:1/Clv:1	PR:000003372
COL2A1/iso:2/Clv:1	PR:000003368
COL2A1/iso:2/Clv:2	PR:000003367
collagen alpha-1(I) chain isoform 1 cleaved 1	PR:000003372
collagen alpha-1(I) chain mature	PR:000003372
collagen alpha-1(II) chain	PR:000003368
collagen alpha-1(II) chain mature	PR:000003368
collagen type II alpha chain isoform 2 cleaved 1	PR:000003368
complement C2 proteolytic cleavage product	PR:000019175
complement C3 acylation stimulating protein	PR:000050123
complement C3 alpha chain	PR:000050120
complement C3 alpha chain (human)	PR:000050135
complement C3b alpha' chain	PR:000050124
complement C3 beta chain	PR:000050119
complement C3c alpha' chain fragment 1	PR:000050149
complement C3c alpha' chain fragment 2	PR:000050129
complement C3d fragment	PR:000050131
complement C3dg fragment	PR:000050127
complement C3f	PR:000050128
complement C3g fragment	PR:000050130
complement C3 proteolytic cleavage product	PR:000019178
complement C4-A proteolytic cleavage product	PR:000019181
complement C4-B proteolytic cleavage product	PR:000019184
complement C5 proteolytic cleavage product	PR:000019189
complement factor B proteolytic cleavage product	PR:000019308
complement factor I proteolytic cleavage product	PR:000019315
complexin-3 proteolytic cleavage product	PR:000019461
complexin-4 proteolytic cleavage product	PR:000019462
constitutively active ROCK-1	PR:000000563
contactin-1 proteolytic cleavage product	PR:000019390
core protein	PR:000036819
corticoliberin proteolytic cleavage product	PR:000019483
C-prM	PR:000036836
CprM	PR:000036836
C-reactive protein proteolytic cleavage product	PR:000019500
CSTF2/InitMet-	PR:000019542
ctxA/Clv:A1	PR:000021965
ctxA/Clv:A2	PR:000021966
cubilin proteolytic cleavage product	PR:000019581
cyclin-dependent kinase 5 activator 1 cleaved 1	PR:000050087
cytochrome b-c1 complex Rieske-derived subunit 9	PR:000050072
cytochrome P450 4A11 proteolytic cleavage product	PR:000019624
DCN/iso:A/Clv:2	PR:000000550
decorin isoform A cleaved 2	PR:000000550
decorin proteolytic cleavage product	PR:000018276
decorunt	PR:000000550
DenV-2K	PR:000036831
DenV-2KNS4B	PR:000036842
DenV-C	PR:000036819
DenV-CprM	PR:000036836
DenV-E	PR:000036822
DenV-M	PR:000036821
DenV-NS1	PR:000036824
DenV-NS12345	PR:000036838
DenV-NS12A	PR:000036998
DenV-NS2A	PR:000036825
DenV-NS2Aalpha	PR:000036826
DenV-NS2B	PR:000036827
DenV-NS2B3	PR:000036873
DenV-NS3	PR:000036828
DenV-NS345	PR:000036839
DenV-NS4A	PR:000036830
DenV-NS4AB	PR:000036841
DenV-NS4AB5	PR:000036840
DenV-NS4B	PR:000036833
DenV-NS4B5	PR:000036843
DenV-NS5	PR:000036835
DenV-pr	PR:000036820
DenV-preNS4B	PR:000036832
DenV-preNS5	PR:000036834
DenV-prM	PR:000036837
dermcidin proteolytic cleavage product	PR:000019649
dipeptidase 1 proteolytic cleavage product	PR:000019700
DN85	PR:000003424
DNA replication regulator sld2 unmodified form	PR:000027525
dystroglycan alpha chain (mouse)	PR:000037405
dystroglycan beta chain (mouse)	PR:000037406
dystroglycan proteolytic cleavage product	PR:000019642
ectodysplasin-A proteolytic cleavage product	PR:000019727
elafin proteolytic cleavage product	PR:000020960
endoRNAse (SARS-CoV-2)	PR:000050287
endothelin-1 proteolytic cleavage product	PR:000019734
endothelin-2 proteolytic cleavage product	PR:000019735
endothelin-3 proteolytic cleavage product	PR:000019736
enolase isoform 1 unmodified form	PR:000025062
enteropeptidase proteolytic cleavage product	PR:000021128
Envelope protein E	PR:000036822
eosinophil peroxidase proteolytic cleavage product	PR:000019802
ephrin-A1 proteolytic cleavage product	PR:000019744
E protein	PR:000036822
erythropoietin proteolytic cleavage product	PR:000019798
ExoN (SARS-CoV-2)	PR:000050286
exostosin-like 2 proteolytic cleavage product	PR:000019820
F10/Clv:aH	PR:000035936
F5/Clv:L	PR:000035910
F7/Clv:aH	PR:000035926
F7/Clv:aL	PR:000050103
F7/zymogen	PR:000050102
F9/Clv:aH	PR:000035934
FASLG/iso:FasL/Clv:soluble	PR:000000547
FAU/FUBI	PR:000050155
FAU/RPS30	PR:000050156
fibrinogen beta chain proteolytic cleavage product	PR:000019878
fibronectin proteolytic cleavage product	PR:000019919
Flavivirin protease NS2B regulatory subunit	PR:000036827
Flavivirin protease NS3 catalytic subunit	PR:000036828
folate receptor alpha proteolytic cleavage product	PR:000019921
folate receptor beta proteolytic cleavage product	PR:000019924
follistatin proteolytic cleavage product	PR:000025457
fractalkine proteolytic cleavage product	PR:000018550
furin proteolytic cleavage product	PR:000018787
galanin proteolytic cleavage product	PR:000019959
gamma-CTF(50)	PR:000025589
gamma-CTF(57)	PR:000025585
gamma-CTF(59)	PR:000025586
gamma-secretase C-terminal fragment 50	PR:000025589
gamma-secretase C-terminal fragment 57	PR:000025585
gamma-secretase C-terminal fragment 59	PR:000025586
gastricsin proteolytic cleavage product	PR:000020944
gastrin proteolytic cleavage product	PR:000019973
GCSH/TransPep-	PR:000019984
gcvH/InitMet-	PR:000024448
gcvR/InitMet-	PR:000024450
GFL (SARS-CoV-2)	PR:000050279
GLI3-83	PR:000037268
GLI3 C-terminally truncated form	PR:000037268
GLI3 form of 83 kDa	PR:000037268
glucose-6-phosphate isomerase unmodified form	PR:000025180
glutaminase 1 isoform 1 unmodified form	PR:000025083
glypican-1 proteolytic cleavage product	PR:000020044
glypican-2 proteolytic cleavage product	PR:000020045
glypican-3 proteolytic cleavage product	PR:000020046
glypican-4 proteolytic cleavage product	PR:000020047
glypican-5 proteolytic cleavage product	PR:000020048
glypican-6 proteolytic cleavage product	PR:000020049
GPIa* (human)	PR:000050083
granzyme C proteolytic cleavage product	PR:000018832
granzyme D proteolytic cleavage product	PR:000018823
granzyme E proteolytic cleavage product	PR:000018829
granzyme F proteolytic cleavage product	PR:000018838
granzyme G proteolytic cleavage product	PR:000018826
granzyme H proteolytic cleavage product	PR:000018835
granzyme K proteolytic cleavage product	PR:000018820
growth factor-like peptide (SARS-CoV-2)	PR:000050279
GTPase HRas proteolytic cleavage product	PR:000029707
GTPase KRas proteolytic cleavage product	PR:000020402
GTP-binding protein era isoform 1 unmodified form	PR:000024942
guanylin proteolytic cleavage product	PR:000020083
hAGER/Clv:ecto	PR:000045356
haptoglobin proteolytic cleavage product	PR:000020180
hC3/alpha	PR:000050135
helicase (SARS-CoV-2)	PR:000050285
Hel (SARS-CoV-2)	PR:000050285
heparanase 50 kDa subunit	PR:000050115
heparanase 8 kDa subunit	PR:000050114
heparanase proteolytic cleavage product	PR:000020186
hepatitis C-type RNA-directed RNA polymerase	PR:000036450
hepcidin proteolytic cleavage product	PR:000020108
histatin-1 proteolytic cleavage product	PR:000020214
histatin-3 proteolytic cleavage product	PR:000020217
histone H2A.2 unmodified form	PR:000027548
HIVintegrase	PR:000036445
HIVp15	PR:000036446
HIVrt+rnaseH	PR:000036447
HIV-type integrase	PR:000036445
HIV-type p15	PR:000036446
HIV-type reverse transcriptase/ribonuclease H	PR:000036447
hMMRN1/Clv:1	PR:000050083
hMMRN1/Clv:2	PR:000050084
homeobox protein ESX1 proteolytic cleavage product	PR:000019812
host cell factor 1 proteolytic cleavage product	PR:000020123
host translation inhibitor nsp1 (SARS-CoV-2)	PR:000050270
HPSE/p50	PR:000050115
HPSE/p8	PR:000050114
hTGFB1/var:C225R/Clv:1	PR:000000625
hTGFB1/var:C225R/Clv:2	PR:000000626
hTGFB1/var:H222D/Clv:1	PR:000000623
hTGFB1/var:H222D/Clv:2	PR:000000624
hTGFB1/var:R218C/Clv:1	PR:000000621
hTGFB1/var:R218C/Clv:2	PR:000000622
hTGFB1/var:R218H/Clv:1	PR:000000627
hTGFB1/var:R218H/Clv:2	PR:000000628
hTGFB1/var:T81H/Clv:1	PR:000000619
hTGFB1/var:T81H/Clv:2	PR:000000620
hVWF/iso:1/Clv:1	PR:000043586
hVWF/iso:1/Clv:2	PR:000043993
iduronate 2-sulfatase proteolytic cleavage product	PR:000020230
IGF1R/iso:1/Clv:1	PR:000003276
IGF1R/iso:1/Clv:2	PR:000003277
IL6R/iso:1/Clv:soluble	PR:000001798
inactivated P-factor	PR:000024858
INHA/iso:1/ClvGlyco+	PR:000001732
inhibin alpha chain proteolytic cleavage product	PR:000018518
insulin-1 proteolytic cleavage product	PR:000020360
insulin-2 proteolytic cleavage product	PR:000020363
insulin-like 3 proteolytic cleavage product	PR:000020314
insulin-like growth factor 1 receptor alpha chain	PR:000003276
insulin-like growth factor 1 receptor beta chain	PR:000003277
insulin receptor proteolytic cleavage product	PR:000020320
integrin alpha-5 proteolytic cleavage product	PR:000020336
integrin alpha-E proteolytic cleavage product	PR:000018311
integrin alpha-IIb proteolytic cleavage product	PR:000020329
integrin alpha-V proteolytic cleavage product	PR:000020343
interferon gamma proteolytic cleavage product	PR:000018271
interferon regulatory factor 3 unmodified form	PR:000028701
interferon regulatory factor 7 unmodified form	PR:000028703
interleukin-16 proteolytic cleavage product	PR:000018435
interleukin-17A proteolytic cleavage product	PR:000025428
interleukin-18 proteolytic cleavage product	PR:000018438
interleukin-1 alpha proteolytic cleavage product	PR:000018344
interleukin-1 beta proteolytic cleavage product	PR:000018345
interleukin-8 proteolytic cleavage product	PR:000018461
isdA/Clv:1	PR:000029211
isdB/Clv:1	PR:000029212
isoaspartyl peptidase proteolytic cleavage product	PR:000024491
kallikrein-11 proteolytic cleavage product	PR:000020383
kallikrein-14 proteolytic cleavage product	PR:000020386
kallikrein-1 proteolytic cleavage product	PR:000020382
kallikrein-7 proteolytic cleavage product	PR:000020389
kallikrein-8 proteolytic cleavage product	PR:000020390
KCNH2/iso:A/UnMod	PR:000002666
kinesin-like motor protein 9 unmodified form	PR:000027704
kininogen-1 proteolytic cleavage product	PR:000020396
klotho proteolytic cleavage product	PR:000020379
lactadherin proteolytic cleavage product	PR:000020586
lactotransferrin proteolytic cleavage product	PR:000020497
LAP	PR:000000617
latent associated peptide	PR:000000617
leader protein (SARS-CoV-2)	PR:000050270
LEDGF/p38	PR:000003424
LEFTY1/iso:1/Clv:1	PR:000000643
LEFTY1/iso:1/Clv:2	PR:000000644
lefty 1 isoform 1 cleaved 1	PR:000000643
lefty 1 isoform 1 cleaved 2	PR:000000644
lefty 1 proteolytic cleavage product	PR:000025431
LEFTY2/iso:1/Clv:1	PR:000000645
LEFTY2/iso:1/Clv:2	PR:000000646
lefty 2 isoform 1 cleaved 1	PR:000000645
lefty 2 isoform 1 cleaved 2	PR:000000646
lefty 2 proteolytic cleavage product	PR:000025432
legumain proteolytic cleavage product	PR:000020463
lentivir-protease	PR:000044456
lentivirus-type protease	PR:000044456
L-selectin proteolytic cleavage product	PR:000018390
mADAMTS18/Clv:Cter	PR:000037808
mAGER/Clv:ecto	PR:000045355
mAGER/iso:1/Clv:1	PR:000045366
main proteinase (SARS-CoV-2)	PR:000050272
map2/Clv:P-factor	PR:000024855
map2/Clv:P-factor/inactive	PR:000024858
map2/Clv:P-factor-like1	PR:000024856
map2/Clv:P-factor-like2	PR:000024857
mast cell protease 1 proteolytic cleavage product	PR:000020675
mast cell protease 2 proteolytic cleavage product	PR:000020678
mast cell protease 4 proteolytic cleavage product	PR:000020681
mast cell protease 8 proteolytic cleavage product	PR:000020682
matrilysin proteolytic cleavage product	PR:000020616
matrix Gla protein proteolytic cleavage product	PR:000020590
mature angiotensin	PR:000036009
Max-binding protein MNT isoform 1 unmodified form	PR:000026017
MAX/iso:long/UnMod	PR:000025912
MAX/iso:short/UnMod	PR:000025915
Mch2alpha p11	PR:000002456
Mch2alpha p18	PR:000002457
Mch3 large subunit	PR:000002459
Mch3 small subunit	PR:000002458
MCL1/iso:1/Clv:1	PR:000026224
mCOCH/Clv:p18	PR:000037262
mCOCH/Clv:p40	PR:000037263
mCOCH/Clv:p8	PR:000037261
mDAG1/Clv:alpha	PR:000037405
mDAG1/Clv:beta	PR:000037406
MEF2C unmodified	PR:000027939
meiosis protein mei2 unmodified form	PR:000027582
melanotropin	PR:000044793
membrane-associated virion protein	PR:000036821
membrane protein	PR:000036821
meprin A subunit beta proteolytic cleavage product	PR:000020574
mesothelin proteolytic cleavage product	PR:000020639
M-factor	PR:000025001
M-factor/mature	PR:000025001
mGLI3/Clv:GLI3R	PR:000037268
mNRG1/Clv:intracellular	PR:000044843
mNRG1/iso:Ibeta1a/mature	PR:000044821
mNRG1/iso:Ibeta4a/mature	PR:000044839
M peptide	PR:000036821
M-phase inducer phosphatase unmodified form	PR:000027508
M protein	PR:000036821
MSH	PR:000044793
mucin-1 proteolytic cleavage product	PR:000018578
mucin-4 proteolytic cleavage product	PR:000020654
Muellerian-inhibiting factor isoform 1 cleaved 1	PR:000001277
multimerin-1 proteolytic cleavage product	PR:000020623
myeloblastin proteolytic cleavage product	PR:000021132
myeloperoxidase proteolytic cleavage product	PR:000020631
myoblast determination protein 1 unmodified form	PR:000029163
myosin-Ig proteolytic cleavage product	PR:000020671
myosin type-2 heavy chain 1 unmodified form	PR:000027730
NAD(+)--diphthamide ADP-ribosyltransferase	PR:000021965
napsin-A proteolytic cleavage product	PR:000020707
nectin-4 proteolytic cleavage product	PR:000021185
NEDD8 protein proteolytic cleavage product	PR:000020722
NendoU (SARS-CoV-2)	PR:000050287
neuregulin-1 intracellular domain (mouse)	PR:000044843
neuregulin-1 type I-beta1a mature form (mouse)	PR:000044821
neuregulin-1 type I-beta4a mature form (mouse)	PR:000044839
neuregulin beta1a mature form (mouse)	PR:000044821
neuregulin beta4a mature form (mouse)	PR:000044839
neurofibromin proteolytic cleavage product	PR:000020733
neuromedin-B proteolytic cleavage product	PR:000020755
neuromedin-S proteolytic cleavage product	PR:000020758
neuromedin-U proteolytic cleavage product	PR:000020759
neuropeptide B proteolytic cleavage product	PR:000020769
neuropeptide S proteolytic cleavage product	PR:000020782
neuropeptide W proteolytic cleavage product	PR:000020786
neuropeptide Y proteolytic cleavage product	PR:000020789
neurotrophin-3 proteolytic cleavage product	PR:000020795
neurotrophin-4 proteolytic cleavage product	PR:000020796
neutrophil defensin 1 proteolytic cleavage product	PR:000029401
neutrophil defensin 3 proteolytic cleavage product	PR:000029404
neutrophil elastase proteolytic cleavage product	PR:000019773
NF-KAPPA-B P50	PR:000001757
NFKB1 p50	PR:000001757
NFKBp50	PR:000001757
nociceptin proteolytic cleavage product	PR:000021025
nodal protein proteolytic cleavage product	PR:000025433
noggin proteolytic cleavage product	PR:000025434
non-M fragment	PR:000036820
non-structural protein 1	PR:000036824
non-structural protein 10 (SARS-CoV-2)	PR:000050279
non-structural protein 11 (SARS-CoV-2)	PR:000050280
non-structural protein 1 (SARS-CoV-2)	PR:000050270
Non-structural protein 2A	PR:000036825
Non-structural protein 2A-alpha	PR:000036826
Non-structural protein 2B	PR:000036827
non-structural protein 2 (SARS-CoV-2)	PR:000050271
Non-structural protein 3	PR:000036828
non-structural protein 3 (SARS-CoV-2)	PR:000050272
Non-structural protein 4A	PR:000036830
Non-structural protein 4B	PR:000036833
non-structural protein 4 (SARS-CoV-2)	PR:000050273
Non-structural protein 5	PR:000036835
non-structural protein 6 (SARS-CoV-2)	PR:000050275
non-structural protein 7 (SARS-CoV-2)	PR:000050276
non-structural protein 8 (SARS-CoV-2)	PR:000050277
non-structural protein 9 (SARS-CoV-2)	PR:000050278
Non-structural proteins	PR:000036838
Nonstructural proteins	PR:000036838
NRG1 ICD (mouse)	PR:000044843
NRG beta1a mature form (mouse)	PR:000044821
NRG beta4a mature form (mouse)	PR:000044839
NS1	PR:000036824
NS12345	PR:000036838
NS1-NS2A	PR:000036998
NS1-NS2A-NS2B-NS3-NS4A-NS4B-NS5	PR:000036838
NS2A	PR:000036825
NS2A-alpha	PR:000036826
NS2B	PR:000036827
NS2B-NS3 polyprotein precursor	PR:000036873
NS3	PR:000036828
NS345	PR:000036839
NS3-NS4A-NS4B-NS5	PR:000036839
NS3pro	PR:000036828
NS4A	PR:000036830
NS4A-2K-NS4B	PR:000036841
NS4AB	PR:000036841
NS4A-NS4B	PR:000036841
NS4A-NS4B-NS5	PR:000036840
NS4B	PR:000036833
NS4B5	PR:000036843
NS4B-NS5	PR:000036843
NS5	PR:000036835
nsp10 (SARS-CoV-2)	PR:000050279
nsp11 (SARS-CoV-2)	PR:000050280
nsp12 (SARS-CoV-2)	PR:000050284
nsp13 (SARS-CoV-2)	PR:000050285
nsp14 (SARS-CoV-2)	PR:000050286
nsp15 (SARS-CoV-2)	PR:000050287
nsp16 (SARS-CoV-2)	PR:000050288
nsp1 (SARS-CoV-2)	PR:000050270
NSP2-3 intermediate (SARS-CoV-2)	PR:000050289
nsp2-nsp3 (SARS-CoV-2)	PR:000050289
nsp2 (SARS-CoV-2)	PR:000050271
nsp3 (SARS-CoV-2)	PR:000050272
nsp4 (SARS-CoV-2)	PR:000050273
nsp5 (SARS-CoV-2)	PR:000050274
nsp6 (SARS-CoV-2)	PR:000050275
nsp7 (SARS-CoV-2)	PR:000050276
nsp8 (SARS-CoV-2)	PR:000050277
nsp9 (SARS-CoV-2)	PR:000050278
N-terminal fragment glycosylated (mouse)	PR:000037262
N-terminal fragment (mouse)	PR:000037261
nuclear factor NF-kappa-B p50 subunit	PR:000001757
NUDT21/InitMet-	PR:000020807
oncostatin-M proteolytic cleavage product	PR:000020841
orexin proteolytic cleavage product	PR:000020124
ORF1ab/Clv:nsp12 (SARS2)	PR:000050284
ORF1ab/Clv:nsp13 (SARS2)	PR:000050285
ORF1ab/Clv:nsp14 (SARS2)	PR:000050286
ORF1ab/Clv:nsp15 (SARS2)	PR:000050287
ORF1ab/Clv:nsp16 (SARS2)	PR:000050288
ORF1ab/ClvPrd (SARS2)	PR:000050283
ORF1ab proteolytic cleavage product (SARS-CoV-2)	PR:000050283
ORF1a/ClvPrd (SARS2)	PR:000050282
ORF1a proteolytic cleavage product (SARS-CoV-2)	PR:000050282
osteocrin proteolytic cleavage product	PR:000020842
p11 BID	PR:000002441
p13 BID	PR:000002440
p15 BID	PR:000002439
P3(40)	PR:000025588
P3(42)	PR:000025587
p65 homolog (SARS-CoV-2)	PR:000050271
pancreatic prohormone proteolytic cleavage product	PR:000021066
papain-like proteinase (SARS-CoV-2)	PR:000050272
pappalysin-1 proteolytic cleavage product	PR:000020867
pappalysin-2 proteolytic cleavage product	PR:000020868
parathyroid hormone proteolytic cleavage product	PR:000021170
PC4 and SFRS1-interacting protein p38	PR:000003424
PDGFC/iso:1/Clv:1	PR:000000982
pepsin A-5 proteolytic cleavage product	PR:000020941
Peptide 2K	PR:000036831
peptide pr	PR:000036820
peptide YY proteolytic cleavage product	PR:000021195
P-factor	PR:000024855
P-factor-like 1	PR:000024856
P-factor-like 2	PR:000024857
phospholipase A2 proteolytic cleavage product	PR:000020992
phosphotransferase RcsD isoform 1 unmodified form	PR:000025056
picornavirus 3C-like protease (SARS-CoV-2)	PR:000050274
PIGR/SC	PR:000050188
pilin proteolytic cleavage product	PR:000024798
PL2-PRO (SARS-CoV-2)	PR:000050272
plasma kallikrein proteolytic cleavage product	PR:000020393
plasminogen proteolytic cleavage product	PR:000021010
platelet factor 4 proteolytic cleavage product	PR:000020929
platelet glycoprotein Ia* (human)	PR:000050083
PLpro (SARS-CoV-2)	PR:000050272
Pol (SARS-CoV-2)	PR:000050284
POMC/Clv:MSH	PR:000044793
precursor of NS4B	PR:000036832
precursor of NS5	PR:000036834
preM	PR:000036837
presenilin-1 proteolytic cleavage product	PR:000021135
presenilin-2 isoform 1 C-terminal fragment	PR:000036881
presenilin-2 isoform 1 CTF subunit	PR:000036889
presenilin-2 isoform 1 N-terminal fragment	PR:000036887
presenilin-2 proteolytic cleavage product	PR:000036880
prM	PR:000036837
PRO_0000005909	PR:000050135
PRO_0000021067	PR:000037405
PRO_0000021068	PR:000037406
PRO_0000022682	PR:000043586
PRO_0000022683	PR:000043993
PRO_0000449619	PR:000050270
PRO_0000449620	PR:000050271
PRO_0000449621	PR:000050272
PRO_0000449622	PR:000050273
PRO_0000449623	PR:000050274
PRO_0000449624	PR:000050275
PRO_0000449625	PR:000050276
PRO_0000449626	PR:000050277
PRO_0000449627	PR:000050278
PRO_0000449628	PR:000050279
PRO_0000449629	PR:000050284
PRO_0000449630	PR:000050285
PRO_0000449631	PR:000050286
PRO_0000449632	PR:000050287
PRO_0000449633	PR:000050288
PRO_0000449635	PR:000050270
PRO_0000449636	PR:000050271
PRO_0000449637	PR:000050272
PRO_0000449638	PR:000050273
PRO_0000449639	PR:000050274
PRO_0000449640	PR:000050275
PRO_0000449641	PR:000050276
PRO_0000449642	PR:000050277
PRO_0000449643	PR:000050278
PRO_0000449644	PR:000050279
PRO_0000449645	PR:000050280
PRO_0000449647	PR:000050267
PRO_0000449648	PR:000050268
pro-adrenomedullin proteolytic cleavage product	PR:000018914
probetacellulin proteolytic cleavage product	PR:000019150
PROC/Clv:act_pep	PR:000035918
PROC/Clv:H	PR:000035920
PROC/Clv:proL	PR:000026177
proenkephalin-A proteolytic cleavage product	PR:000020924
proenkephalin-B proteolytic cleavage product	PR:000020916
proepiregulin proteolytic cleavage product	PR:000019803
pro-glucagon proteolytic cleavage product	PR:000019980
progonadoliberin-1 proteolytic cleavage product	PR:000020032
progonadoliberin-2 proteolytic cleavage product	PR:000020033
progranulin proteolytic cleavage product	PR:000020062
pro-MCH proteolytic cleavage product	PR:000021016
promotilin proteolytic cleavage product	PR:000020602
pro-opiomelanocortin proteolytic cleavage product	PR:000021036
pro-protein C light chain	PR:000026177
prorelaxin H2 proteolytic cleavage product	PR:000021267
ProSAAS proteolytic cleavage product	PR:000020885
prostasin proteolytic cleavage product	PR:000021129
protachykinin-1 proteolytic cleavage product	PR:000021619
protamine-2 proteolytic cleavage product	PR:000021100
protein AMBP proteolytic cleavage product	PR:000018973
protein hdeB isoform 1, unmodified form	PR:000025023
protein max isoform long unmodified form	PR:000025912
protein max isoform short unmodified form	PR:000025915
protein S100-A12 proteolytic cleavage product	PR:000021352
protein UmuD proteolytic cleavage product	PR:000024819
protein Wnt-5a proteolytic cleavage product	PR:000021856
proteoglycan 4 proteolytic cleavage product	PR:000021083
prothrombin proteolytic cleavage product	PR:000019834
prothymosin alpha proteolytic cleavage product	PR:000021174
proto-oncogene DBL proteolytic cleavage product	PR:000020557
pr protein	PR:000036820
PS2s	PR:000036889
PSEN2/iso:1/Clv:Cter	PR:000036881
PSEN2/iso:1/Clv:CTF	PR:000036889
PSEN2/iso:1/Clv:Nter	PR:000036887
PSIP1/iso:2/Clv:p38	PR:000003424
pyruvate kinase I isoform 1 unmodified form	PR:000025195
RAGE ectodomain	PR:000045354
RAGE ectodomain (human)	PR:000045356
RAGE ectodomain (mouse)	PR:000045355
RAGE ectodomain (rat)	PR:000045364
RAGE intracellular domain	PR:000045350
rAGER/Clv:ecto	PR:000045364
RdRP	PR:000036450
RdRp NS5	PR:000036835
RdRp (SARS-CoV-2)	PR:000050284
renin-2 proteolytic cleavage product	PR:000021349
rep/Clv:nsp10 (SARS2)	PR:000050279
rep/Clv:nsp11 (SARS2)	PR:000050280
rep/Clv:nsp1 (SARS2)	PR:000050270
rep/Clv:nsp2-3 (SARS2)	PR:000050289
rep/Clv:nsp2 (SARS2)	PR:000050271
rep/Clv:nsp3 (SARS2)	PR:000050272
rep/Clv:nsp4 (SARS2)	PR:000050273
rep/Clv:nsp5 (SARS2)	PR:000050274
rep/Clv:nsp6 (SARS2)	PR:000050275
rep/Clv:nsp7 (SARS2)	PR:000050276
rep/Clv:nsp8 (SARS2)	PR:000050277
rep/Clv:nsp9 (SARS2)	PR:000050278
rep/ClvPrd (SARS2)	PR:000050281
rep gene proteolytic cleavage product (SARS-CoV-2)	PR:000050281
RHOA/iso:1/IpCysEst:1	PR:000000615
ribonuclease R isoform 1 unmodified form	PR:000025010
RICD	PR:000045350
RNA directed RNA polymerase NS5	PR:000036835
RNA-directed RNA polymerase (SARS-CoV-2)	PR:000050284
ROCK1/iso:1/Clv:1	PR:000000563
ROCK2/iso:1/Clv:1	PR:000000564
RPS27A/Clv:RPS27a	PR:000035718
RPS27A/Clv:ubiq	PR:000035716
R-SMAD2/3	PR:000027744
S1 (SARS2)	PR:000050267
S2 (SARS2)	PR:000050268
S-APP-alpha	PR:000025577
S-APP-beta	PR:000025578
S-APP-theta	PR:000025579
SC	PR:000050188
sCD14 56kd form	PR:000002146
sCD14 beta	PR:000002146
sCD14 high M(r) form	PR:000002146
secretin proteolytic cleavage product	PR:000021385
secretogranin-1 proteolytic cleavage product	PR:000019329
secretogranin-2 proteolytic cleavage product	PR:000021368
secretory component	PR:000050188
semenogelin-1 proteolytic cleavage product	PR:000021404
sensor kinase dpiB isoform 1 unmodified form	PR:000025086
sensor protein BasS isoform 1 unmodified form	PR:000024895
sensor protein CreC isoform 1 unmodified form	PR:000024908
sensor protein dcuS isoform 1 unmodified form	PR:000024911
sensor protein EvgS isoform 1 unmodified form	PR:000025069
sensor protein PhoQ isoform 1 unmodified form	PR:000025185
sensor protein QseC isoform 1 unmodified form	PR:000025059
sensor protein TorS isoform 1 unmodified form	PR:000025230
serase-1B active form	PR:000003056
serine protease NS3	PR:000036828
Serine protease subunit NS2B	PR:000036827
serine/threonine-protein kinase 3 36kDa subunit	PR:000035906
serine/threonine-protein kinase 4 37kDa subunit	PR:000035908
SHH/Clv:Cter	PR:000037275
SHH/Clv:Nter	PR:000037273
SHH-N	PR:000037273
sIL-6R	PR:000001798
siroheme synthase cysG unmodified form	PR:000025883
smad2 isoform Long unmodified form	PR:000002570
smad2 isoform Short unmodified form	PR:000002571
SMAD2/iso:Long/UnMod	PR:000002570
SMAD2/iso:Short/UnMod	PR:000002571
smad4 isoform 1 unmodified form	PR:000002539
small envelope protein M	PR:000036821
soluble APP-alpha	PR:000025577
soluble APP-beta	PR:000025578
soluble APP-theta	PR:000025579
soluble serase-1B	PR:000003056
somatoliberin proteolytic cleavage product	PR:000019996
somatostatin proteolytic cleavage product	PR:000021578
sonic hedgehog protein C-product	PR:000037275
sonic hedgehog protein N-product	PR:000037273
sortilin proteolytic cleavage product	PR:000021535
SP1/iso:1/Clv:1	PR:000000597
spike protein S1 (SARS-CoV-2)	PR:000050267
spike protein S2 (SARS-CoV-2)	PR:000050268
sRAGE proteolytic cleavage product	PR:000045354
sRAGE proteolytic cleavage product (human)	PR:000045356
sRAGE proteolytic cleavage product (mouse)	PR:000045355
sRAGE proteolytic cleavage product (rat)	PR:000045364
sre1/Clv:1	PR:000028991
Sre1N	PR:000028991
stabilin-2 proteolytic cleavage product	PR:000021579
STK3/Clv:36kDa	PR:000035906
STK4/Clv:37kDa	PR:000035908
stromelysin-1 proteolytic cleavage product	PR:000020613
stromelysin-2 proteolytic cleavage product	PR:000020606
syncytin-1 proteolytic cleavage product	PR:000019809
tachykinin-3 proteolytic cleavage product	PR:000021620
tachykinin-4 proteolytic cleavage product	PR:000021621
TGFB1/iso:1/inactive	PR:000000618
TGFB1/iso:1/LAP	PR:000000617
TGFB1/iso:1/mature	PR:000000616
TGFB2/iso:A/Clv:1	PR:000000629
TGFB2/iso:A/Clv:2	PR:000000630
TGFB2/iso:A/Clv:3	PR:000000631
TGFB2/iso:B/Clv:1	PR:000000632
TGFB2/iso:B/Clv:2	PR:000000633
TGFB3/iso:1/Clv:1	PR:000000634
TGFB3/iso:1/Clv:2	PR:000000635
TGFB3/iso:1/Clv:3	PR:000000636
TGFB3 lap	PR:000000635
TGFB3 latent associated peptide	PR:000000635
TGF-beta 1 active protein	PR:000000616
TGF-beta 1 isoform 1 inactive form	PR:000000618
TGF-beta 1 isoform 1 latency associated peptide	PR:000000617
TGF-beta 1 isoform 1 mature form	PR:000000616
TGF-beta 1 isoform 1 unmodified form	PR:000002555
TGF-beta 1 mature protein	PR:000000616
TGF-beta 1 proteolytic cleavage product	PR:000018292
TGF-beta 1 sequence variant 2 cleaved 1 (human)	PR:000000619
TGF-beta 1 sequence variant 2 cleaved 2 (human)	PR:000000620
TGF-beta 1 sequence variant 3 cleaved 1 (human)	PR:000000621
TGF-beta 1 sequence variant 3 cleaved 2 (human)	PR:000000622
TGF-beta 1 sequence variant 4 cleaved 1 (human)	PR:000000627
TGF-beta 1 sequence variant 4 cleaved 2 (human)	PR:000000628
TGF-beta 1 sequence variant 5 cleaved 1 (human)	PR:000000623
TGF-beta 1 sequence variant 5 cleaved 2 (human)	PR:000000624
TGF-beta 1 sequence variant 6 cleaved 1 (human)	PR:000000625
TGF-beta 1 sequence variant 6 cleaved 2 (human)	PR:000000626
TGF-beta 1 sequence variant T81H cleaved 1 (human)	PR:000000619
TGF-beta 1 sequence variant T81H cleaved 2 (human)	PR:000000620
TGF-beta 2 isoform A cleaved 1	PR:000000629
TGF-beta 2 isoform A cleaved 2	PR:000000630
TGF-beta 2 isoform A cleaved 3	PR:000000631
TGF-beta 2 isoform B cleaved 1	PR:000000632
TGF-beta 2 isoform B cleaved 2	PR:000000633
TGF-beta 2 mature protein	PR:000000629
TGF-beta 2 proteolytic cleavage product	PR:000018293
TGF-beta 3 isoform 1 cleaved 1	PR:000000634
TGF-beta 3 isoform 1 cleaved 2	PR:000000635
TGF-beta 3 isoform 1 cleaved 3	PR:000000636
TGF-beta 3 proteolytic cleavage product	PR:000018294
TGF beta latent complex	PR:000000618
TGFb latent complex	PR:000000618
THBS1/iso:1/Clv:2	PR:000000588
THBS1/iso:1/ClvGlyco+	PR:000000485
THBS2/iso:1/Clv:2	PR:000000592
THBS2/iso:1/Clv:3	PR:000000593
threonine aspartase 1 proteolytic cleavage product	PR:000021629
threonyl-tRNA synthetase isoform 1 unmodified form	PR:000025227
thrombospondin-1 isoform 1 cleaved 2	PR:000000588
thrombospondin-1 proteolytic cleavage product	PR:000025437
thrombospondin-2 isoform 1 cleaved 2	PR:000000592
thrombospondin-2 isoform 1 cleaved 3	PR:000000593
thrombospondin-2 proteolytic cleavage product	PR:000025438
thrombospondin-3 proteolytic cleavage product	PR:000025439
thrombospondin-4 proteolytic cleavage product	PR:000025440
TMPRSS9/iso:3/Clv:1	PR:000003056
TNF/iso:1/Clv:1	PR:000000604
TNF/iso:1/Clv:2	PR:000000605
TNFSF11/iso:1/Clv:soluble	PR:000002437
transcriptional regulator prz1 unmodified form	PR:000027515
transcriptional repressor GLI3R (mouse)	PR:000037268
transcription factor Sp1 isoform 1 cleaved 1	PR:000000597
transcription factor ste11 unmodified form	PR:000027540
transcription factor zip1 unmodified form	PR:000027616
transketolase 1 isoform 1 unmodified form	PR:000025237
transketolase 2 isoform 1 unmodified form	PR:000025234
trypsin-1 proteolytic cleavage product	PR:000021126
trypsin-3 proteolytic cleavage product	PR:000021127
tryptase beta-2 proteolytic cleavage product	PR:000021730
tryptase gamma proteolytic cleavage product	PR:000021731
tryptophanase isoform 1 unmodified form	PR:000025240
tumor necrosis factor isoform 1 cleaved 1	PR:000000604
tumor necrosis factor isoform 1 cleaved 2	PR:000000605
tumor necrosis factor proteolytic cleavage product	PR:000018285
tumor necrosis factor soluble form	PR:000000604
UBA52/Clv:RPL40	PR:000035724
UBA52/Clv:ubiq	PR:000035722
UBB/Clv:ubiq	PR:000035726
UBC/Clv:ubiq	PR:000035720
ubiquitin	PR:000035728
ubiquitin	PR:000035728
ubiquitin-like protein FUBI	PR:000050155
ubiquitin (RPS27A)	PR:000035716
ubiquitin (UBA52)	PR:000035722
ubiquitin (UBB)	PR:000035726
ubiquitin (UBC)	PR:000035720
unmodified p53	PR:000003037
unmodified regulator protein DcuR	PR:000025385
unphosphorylated regulator protein DcuR	PR:000025385
UQCRFS1/Clv:1	PR:000050072
uridylate-specific endoribonuclease (SARS-CoV-2)	PR:000050287
urocortin-3 proteolytic cleavage product	PR:000021784
urocortin proteolytic cleavage product	PR:000021783
urotensin-2 proteolytic cleavage product	PR:000021806
VEGFB/iso:1/Clv:1	PR:000003100
VIP peptides proteolytic cleavage product	PR:000021826
vitamin K-dependent protein C activation peptide	PR:000035918
vitamin K-dependent protein C heavy chain	PR:000035920
vitronectin proteolytic cleavage product	PR:000021838
voltage-dependent calcium channel subunit delta-1	PR:000050069
von Willebrand antigen 2 (human)	PR:000043586
von Willebrand factor isoform 1 cleaved 1 (human)	PR:000043586
von Willebrand factor isoform 1 cleaved 2 (human)	PR:000043993
von Willebrand factor proteolytic cleavage product	PR:000021841
yNFS1/Clv:1	PR:000029994
