A. aegypti	7159
A. baumannii	470
A. biovar 1	358
A. catesbeiana	8400
A. donax	35708
A. epidermidis	1282
A. gambiae	7165
A. genomosp. 2	470
A. genomospecies 2	470
A. graveolens	40922
A. influenza virus	11309
A. laidlawii	2148
A. lapathifolia	3704
A. lunatus	339
A. melanoleuca	9646
A. miscellum	354
A. nidulans	162425
A. nidulellus	162425
A. niger	5061
A. niger Tiegh.	5061
A. radiobacter	358
A. rusticana	3704
A. siderocapsulatus	303
A. thaliana	3702
A. thermophilum	31899
A. thiooxidans	930
A. tricoccum	138334
A. tricoccum Aiton	138334
A. trivirgatus	9505
A. tumefaciens	358
A. vinelandii	354
A.aegypti	7159
A.baumannii	470
A.biovar 1	358
A.catesbeiana	8400
A.donax	35708
A.epidermidis	1282
A.gambiae	7165
A.genomosp. 2	470
A.genomospecies 2	470
A.graveolens	40922
A.influenza virus	11309
A.laidlawii	2148
A.lapathifolia	3704
A.lunatus	339
A.melanoleuca	9646
A.miscellum	354
A.nidulans	162425
A.nidulellus	162425
A.niger	5061
A.niger Tiegh.	5061
A.radiobacter	358
A.rusticana	3704
A.siderocapsulatus	303
A.thaliana	3702
A.thermophilum	31899
A.thiooxidans	930
A.tricoccum	138334
A.tricoccum Aiton	138334
A.trivirgatus	9505
A.tumefaciens	358
A.vinelandii	354
Acholeplasma laidlawaii	2148
Acholeplasma laidlawi	2148
Acholeplasma laidlawii	2148
Achromobacter lunatus	339
Achromobacter radiobacter	358
Acidithiobacillus thiooxidans	930
Acinetobacter baumanii	470
Acinetobacter baumanni	470
Acinetobacter baumannii	470
Acinetobacter genomosp. 2	470
Acinetobacter genomospecies 2	470
Adenovirus	10535
Aedes aegypti	7159
African ass	9793
African clawed frog	8355
African clawed frogs	8355
African dwarf goat	9925
African dwarf goats	9925
African malaria mosquito	7165
African malaria mosquitos	7165
African wild ass	9793
Agent of lymphatic filariasis	6279
Agrobacterium biovar 1	358
Agrobacterium radiobacter	358
Agrobacterium sp. ISSDS-827	358
Agrobacterium sp. ISSDS-827s	358
Agrobacterium tumefacien	358
Agrobacterium tumefaciens	358
AIDS virus	11676
AIDS virus	12721
Ailuropoda melanoleuca	9646
Ailuropoda melanoleura	9646
Aja	55581
Ajas	55581
Albococcus epidermidis	1282
Alcaligenes radiobacter	358
Allium tricoccum	138334
Allium tricoccum Aiton	138334
American tobacco	4097
American tobaccos	4097
Ampylobacter jejuni	197
Anaerocellum thermophilum	31899
Anethum graveolens	40922
Anopheles gambia	7165
Anopheles gambiae	7165
Anopheles gambiae sensu stricto	7165
Antbush	126820
Antbushs	126820
Anthrax	1392
Anthrax bacterium	1392
Anthrax bacteriums	1392
Anthraxs	1392
Aotus trivirgatus	9505
Aquarana catesbeiana	8400
Arabica coffee	13443
Arabica coffees	13443
Arabidopsis thaliana	3702
Arbisopsis thaliana	3702
Armoracia lapathifolia	3704
Armoracia laphatifolia	3704
Armoracia rusticana	3704
Arthrobacter siderocapsulatus	303
Arthrobacter sp. NCIB 9666	1718
Arthrobacter sp. NCIB 9666s	1718
Arundo donax	35708
Ashwagandha	126910
Ashwagandhas	126910
Aspergillus nidulans	162425
Aspergillus nidulellus	162425
Aspergillus niger	5061
Aspergillus niger Tiegh.	5061
Aspergilus nidulans	162425
Ass	9793
Asterococcus laidlawii	2148
Atlantic hagfish	7769
Atlantic hagfishs	7769
Atlantic salmon	8030
Atlantic salmons	8030
Avian influenza virus	11309
Azotobacter miscellum	354
Azotobacter vinelandii	354
Azotobacter vinelandii Lipman 1903	354
B. abortus	235
B. acnes	1747
B. afzelii	29518
B. afzeliusii	29518
B. anitratum	470
B. anthracis	1392
B. bovis	9913
B. bunyavirus group	35304
B. burgdorferi	139
B. campestre	339
B. campestris	339
B. carotovorum	554
B. carotovorus	554
B. cenocepacia	95486
B. cepacia	292
B. cepacia genomovar III	95486
B. cereus var. anthracis	1392
B. chang-fua	1718
B. cholerae-suis	28901
B. cinerea	40559
B. difficilis	1496
B. divaricatum	1718
B. enterocoliticum	630
B. fluorescens putidus	303
B. forsythus	28112
B. fuckeliana	40559
B. gaurus	9904
B. gingivalis	837
B. globigii	1423
B. glutamigenes	1718
B. graminis	34373
B. group VS461	29518
B. hermsii	140
B. influenzae	727
B. lactofermentum	1718
B. laevis	8355
B. lambda	10710
B. leukemia virus	11901
B. leukemia virus BLV	11901
B. licheniformis	1402
B. malayi	6279
B. melitensis	29459
B. melitensis biovar Abortus	235
B. microplus	6941
B. monocytogenes	1639
B. monocytogenes hominis	1639
B. natto	1423
B. parahaemolytica	670
B. pestis	632
B. pneumoniae	573
B. pneumoniae crouposae	573
B. primigenius taurus	9913
B. pseudomallei	28450
B. pseudotuberculosis	633
B. pseudotuberkulosis	633
B. putidus	303
B. radiobacter	358
B. rerio	7955
B. rerio frankei	7955
B. saccharolyticum	1718
B. seonmiso	1718
B. serogroup	35304
B. smegmatis	1772
B. sp.	10469
B. subtilis	1423
B. taipei	1718
B. taurus	9913
B. thiogenitalis	1718
B. tuberculosis	1773
B. tumefaciens	358
B. turicatae	142
B. uniflagellatus	1423
B. versicolor	5325
B. virus	35304
B. virus group	35304
B. whitmori	28450
B.abortus	235
B.acnes	1747
B.afzelii	29518
B.afzeliusii	29518
B.anitratum	470
B.anthracis	1392
B.bovis	9913
B.bunyavirus group	35304
B.burgdorferi	139
B.campestre	339
B.campestris	339
B.carotovorum	554
B.carotovorus	554
B.cenocepacia	95486
B.cepacia	292
B.cepacia genomovar III	95486
B.cereus var. anthracis	1392
B.chang-fua	1718
B.cholerae-suis	28901
B.cinerea	40559
B.difficilis	1496
B.divaricatum	1718
B.enterocoliticum	630
B.fluorescens putidus	303
B.forsythus	28112
B.fuckeliana	40559
B.gaurus	9904
B.gingivalis	837
B.globigii	1423
B.glutamigenes	1718
B.graminis	34373
B.group VS461	29518
B.hermsii	140
B.influenzae	727
B.lactofermentum	1718
B.laevis	8355
B.lambda	10710
B.leukemia virus	11901
B.leukemia virus BLV	11901
B.licheniformis	1402
B.malayi	6279
B.melitensis	29459
B.melitensis biovar Abortus	235
B.microplus	6941
B.monocytogenes	1639
B.monocytogenes hominis	1639
B.natto	1423
B.parahaemolytica	670
B.pestis	632
B.pneumoniae	573
B.pneumoniae crouposae	573
B.primigenius taurus	9913
B.pseudomallei	28450
B.pseudotuberculosis	633
B.pseudotuberkulosis	633
B.putidus	303
B.radiobacter	358
B.rerio	7955
B.rerio frankei	7955
B.saccharolyticum	1718
B.seonmiso	1718
B.serogroup	35304
B.smegmatis	1772
B.sp.	10469
B.subtilis	1423
B.taipei	1718
B.taurus	9913
B.thiogenitalis	1718
B.tuberculosis	1773
B.tumefaciens	358
B.turicatae	142
B.uniflagellatus	1423
B.versicolor	5325
B.virus	35304
B.virus group	35304
B.whitmori	28450
Bacillus acnes	1747
Bacillus anthracis	1392
Bacillus anthracis Cohn 1872	1392
Bacillus anthracis pXO1 virulence plasmid	1392
Bacillus anthracis pXO1 virulence plasmids	1392
Bacillus campestris	339
Bacillus carotovorus	554
Bacillus cereus var. anthracis	1392
Bacillus cholerae-suis	28901
Bacillus difficilis	1496
Bacillus fluorescens putidus	303
Bacillus globigii	1423
Bacillus licheniformis	1402
Bacillus natto	1423
Bacillus pestis	632
Bacillus pneumoniae	573
Bacillus pseudomallei	28450
Bacillus pseudotuberkulosis	633
Bacillus putidus	303
Bacillus radiobacter	358
Bacillus smegmatis	1772
Bacillus sp. 15:2	1423
Bacillus sp. 15:2s	1423
Bacillus sp. RSP-GLU	1423
Bacillus sp. RSP-GLUs	1423
Bacillus sp. S2 BC-1	1423
Bacillus sp. S2 BC-1s	1423
Bacillus sp. W10.6	1402
Bacillus sp. WED10.6	1402
Bacillus sp. WED10.6s	1402
Bacillus subtilis	1423
Bacillus subtilis/Bacillus globigii	1423
Bacillus subtilis/Bacillus globigiis	1423
Bacillus subtilis8	1423
Bacillus tuberculosis	1773
Bacillus uniflagellatus	1423
Bacteriaphage lambda	10710
Bacteridium anthracis	1392
Bacteriophage lambda	10710
Bacterium abortus	235
Bacterium anitratum	470
Bacterium ASAZT-122	354
Bacterium ASAZT-122s	354
Bacterium ASAZT-146	354
Bacterium ASAZT-146s	354
Bacterium ASAZT-68	354
Bacterium ASAZT-68s	354
Bacterium ASFP-1	303
Bacterium ASFP-1s	303
Bacterium campestre	339
Bacterium carotovorum	554
Bacterium enterocoliticum	630
Bacterium influenzae	727
Bacterium MASFP-4	303
Bacterium MASFP-4s	303
Bacterium monocytogenes	1639
Bacterium monocytogenes hominis	1639
Bacterium pestis	632
Bacterium pneumoniae crouposae	573
Bacterium pseudotuberculosis	633
Bacterium radiobacter	358
Bacterium smegmatis	1772
Bacterium tuberculosis	1773
Bacterium tumefaciens	358
Bacterium whitmori	28450
Bacteroides forsythus	28112
Bacteroides gingivalis	837
Baculovirus	10469
Baculovirus sp.	10469
Baikal skullcap	65409
Baikal skullcaps	65409
Baker's yeast	4932
Baker's yeasts	4932
Banana	4641
Bananas	4641
Bantam	9031
Bantams	9031
Barley	112509
Barleys	112509
Beagle dog	9615
Beagle dogs	9615
Beneckea parahaemolytica	670
Ber	157914
Beri	157914
Beris	157914
Bers	157914
Bjerkandera versicolor	5325
Blue crab	6763
Blue crabs	6763
Blumeria graminis	34373
BLV	11901
Boletus versicolor	5325
Boletus versicolor L. 1753	5325
Boophilus microplus	6941
Bornean orangutan	9600
Bornean orangutans	9600
Borrelia afzelii	29518
Borrelia afzeliusii	29518
Borrelia burdorferi	139
Borrelia burgdorferi	139
Borrelia burgdorferi sensu stricto	139
Borrelia burgdorffragment	139
Borrelia hermsii	140
Borrelia turicatae	142
Borrellia group VS461	29518
Bos bovis	9913
Bos gauris	9904
Bos gaurus	9904
Bos primigenius taurus	9913
Bos taurus	9913
Bos Tauurus	9913
Botryotinia fuckeliana	40559
Botrytis cinerea	40559
Bovidae sp. Adi Nefas	9913
Bovine	9913
Bovine leukemia virus	11901
Bovine leukemia virus BLV	11901
Bovines	9913
boy	9606
Brachidanio rerio	7955
Brachydanio rerio	7955
Brachydanio rerio frankei	7955
Brazilian-tea	185542
Brazilian-teas	185542
Bread wheat	4565
Bread wheats	4565
Brevibacterium chang-fua	1718
Brevibacterium divaricatum	1718
Brevibacterium glutamigenes	1718
Brevibacterium lactofermentum	1718
Brevibacterium saccharolyticum	1718
Brevibacterium seonmiso	1718
Brevibacterium sp. ATCC 19165	1718
Brevibacterium sp. ATCC 19165s	1718
Brevibacterium taipei	1718
Brevibacterium thiogenitalis	1718
Brewer's yeast	4932
Brewer's yeasts	4932
Broomcorn	4558
Broomcorns	4558
Brown rat	10116
Brown rats	10116
Brucella abortus	235
Brucella melitensis	29459
Brucella melitensis biovar Abortus	235
Brucella melitensis bv. Abortus	235
Brugia malayi	6279
Buffalo rat	10116
Buffalo rats	10116
Bufo laevis	8355
Bullfrog	8400
Bullfrogs	8400
Buntan	37334
Buntans	37334
Bunyamwera bunyavirus group	35304
Bunyamwera serogroup	35304
Bunyamwera virus	35304
Bunyamwera virus group	35304
Burgholderia cepacia	292
Burkholderia capacia	292
Burkholderia cenocepacia	95486
Burkholderia cepacia	292
Burkholderia cepacia genomovar I	292
Burkholderia cepacia genomovar III	95486
Burkholderia cepacia genomovar IIIb	95486
Burkholderia cepacia genomovar IIIbs	95486
Burkholderia pseudomallai	28450
Burkholderia pseudomallei	28450
Bush grape	103352
Bush grapes	103352
C. acnes	1747
C. aegagrus	9923
C. aegagrus hircus	9925
C. albicans	5476
C. altivelis	302767
C. antarctica	34362
C. aperea porcellus	10141
C. arabica	13443
C. arabica L.	13443
C. aromatica	136209
C. bescii	31899
C. canis	9615
C. cobaya	10141
C. crassa	5141
C. decumana	37334
C. decumanus	37334
C. difficile	1496
C. domesticus	9615
C. elegans	124036
C. elegans	6239
C. familiaris	9615
C. fetus subsp. jejuni	197
C. frugilegus	75140
C. glutamicum	1718
C. grandis	37334
C. griseus	10029
C. higginsianum	80884
C. hircus	9925
C. hortorum	41568
C. infantisepticum	1639
C. jacchus	9483
C. jacchus jacchus	9483
C. jejuni	197
C. lactofermentum	1718
C. lambda	10710
C. licheniforme	1402
C. lilium	1718
C. lupus familiaris	9615
C. maenas	6759
C. maxima	37334
C. morifolium	41568
C. mosaic cucumovirus CMV	12305
C. mosaic virus	12305
C. mosaic virus CMV	12305
C. moschata	8855
C. necrosis tombusvirus CNV	12143
C. necrosis virus	12143
C. necrosis virus CNV	12143
C. occidentalis	126820
C. occidentalis L.	126820
C. papaya	3649
C. papaya L.	3649
C. paradisi	37656
C. parvulum	1639
C. peled	107322
C. pfeifferi	727
C. porcellus	10141
C. pylori	210
C. pylori subsp. pylori	210
C. pyloridis	210
C. pyrenoidosa	3078
C. pyrenoidosa Chick	3078
C. reinhardtii	3055
C. reinhardtii P.A.Dangeard	3055
C. rerio	7955
C. robusta	4932
C. sapidus	6763
C. sativus	3659
C. sativus L.	3659
C. sinensis x Citrus grandis	37656
C. sinensis x Citrus maxima	37656
C. smithii	3055
C. smithii R.W.Howshaw & H.Ettl	3055
C. stellatoidea	5476
C. stellatoidea type I	5476
C. swine fever virus	11096
C. swine fever virus CSFV	11096
C. tepidum	1050
C. tepidum	1097
C. tepidum Madigan 1986	1050
C. versicolor	5325
C. x morifolium	41568
C. x paradisi	37656
C. x paradisi Macfad.	37656
C.acnes	1747
C.aegagrus	9923
C.aegagrus hircus	9925
C.albicans	5476
C.altivelis	302767
C.antarctica	34362
C.aperea porcellus	10141
C.arabica	13443
C.arabica L.	13443
C.aromatica	136209
C.bescii	31899
C.canis	9615
C.cobaya	10141
C.crassa	5141
C.decumana	37334
C.decumanus	37334
C.difficile	1496
C.domesticus	9615
C.elegans	124036
C.elegans	6239
C.familiaris	9615
C.fetus subsp. jejuni	197
C.frugilegus	75140
C.glutamicum	1718
C.grandis	37334
C.griseus	10029
C.higginsianum	80884
C.hircus	9925
C.hortorum	41568
C.infantisepticum	1639
C.jacchus	9483
C.jacchus jacchus	9483
C.jejuni	197
C.lactofermentum	1718
C.lambda	10710
C.licheniforme	1402
C.lilium	1718
C.lupus familiaris	9615
C.maenas	6759
C.maxima	37334
C.morifolium	41568
C.mosaic cucumovirus CMV	12305
C.mosaic virus	12305
C.mosaic virus CMV	12305
C.moschata	8855
C.necrosis tombusvirus CNV	12143
C.necrosis virus	12143
C.necrosis virus CNV	12143
C.occidentalis	126820
C.occidentalis L.	126820
C.papaya	3649
C.papaya L.	3649
C.paradisi	37656
C.parvulum	1639
C.peled	107322
C.pfeifferi	727
C.porcellus	10141
C.pylori	210
C.pylori subsp. pylori	210
C.pyloridis	210
C.pyrenoidosa	3078
C.pyrenoidosa Chick	3078
C.reinhardtii	3055
C.reinhardtii P.A.Dangeard	3055
C.rerio	7955
C.robusta	4932
C.sapidus	6763
C.sativus	3659
C.sativus L.	3659
C.sinensis x Citrus grandis	37656
C.sinensis x Citrus maxima	37656
C.smithii	3055
C.smithii R.W.Howshaw & H.Ettl	3055
C.stellatoidea	5476
C.stellatoidea type I	5476
C.swine fever virus	11096
C.swine fever virus CSFV	11096
C.tepidum	1050
C.tepidum	1097
C.tepidum Madigan 1986	1050
C.versicolor	5325
C.x morifolium	41568
C.x paradisi	37656
C.x paradisi Macfad.	37656
Caenorhabditis elegans	6239
Cairina moschata	8855
Caldicellulosiruptor bescii	31899
calf	9913
Callinectes sapidus	6763
Callithrix jacchus	9483
Callithrix jacchus jacchus	9483
Calloplesiops altivelis	302767
calves	9913
Campylobacter fetus subsp. jejuni	197
Campylobacter jejuni	197
Campylobacter pylori	210
Campylobacter pylori subsp. pylori	210
Campylobacter pyloridis	210
Canadian hard winter wheat	4565
Canadian hard winter wheats	4565
Candida albicans	5476
Candida antarctica	34362
Candida robusta	4932
Candida stellatoidea	5476
Candida stellatoidea type I	5476
Canis canis	9615
Canis domesticus	9615
Canis familiaris	9615
Canis lupus familiaris	9615
Capra aegagrus	9923
Capra aegagrus hircus	9925
Capra hircus	9925
Carcinus maenas	6759
Carica papaya	3649
Carica papaya L.	3649
Carica payaya	3649
Carpa hircus	9925
Carry-me seed	293060
Carry-me seeds	293060
Cassia occidentalis	126820
Cassia occidentalis L.	126820
Cattle	9913
Cattle tick	6941
Cattle ticks	6941
Cattles	9913
Cavia aperea porcellus	10141
Cavia cobaya	10141
Cavia cobya	10141
Cavia porcellus	10141
Chalara elegans	124036
chick	9031
Chicken	9031
Chickens	9031
child	9606
children	9606
Chinese hamster	10029
Chinese hamsters	10029
Chinese-date	157914
Chinese-dates	157914
Chlamydomonas reihhardtii	3055
Chlamydomonas reinhardtii	3055
Chlamydomonas reinhardtii P.A.Dangeard	3055
Chlamydomonas reinhardtii strain CC-1373	3055
Chlamydomonas reinhardtii strain CC-1373s	3055
Chlamydomonas smithii	3055
Chlamydomonas smithii R.W.Howshaw & H.Ettl	3055
Chlorella pyrenoidosa	3078
Chlorella pyrenoidosa Chick	3078
Chlorobaculum tepidum	1097
Chlorobium tepidum	1097
CHO cell lines	10029
Chromatium tepidum	1050
Chromatium tepidum Madigan 1986	1050
Chrysanthemum hortorum	41568
Chrysanthemum hortorum hort.	41568
Chrysanthemum morifolium	41568
Chrysanthemum x morifolium	41568
Chrysanthemum x morifolium Ramat.	41568
Chrysonilia crassa	5141
Citrus decumana	37334
Citrus decumana L.	37334
Citrus decumanus	37334
Citrus grandis	37334
Citrus maxima	37334
Citrus paradisi	37656
Citrus sinensis x Citrus grandis	37656
Citrus sinensis x Citrus maxima	37656
Citrus x paradisi	37656
Citrus x paradisi Macfad.	37656
Classical swine fever virus	11096
Classical swine fever virus CSFV	11096
Clawed frog	8355
Clawed frogs	8355
Clostridium difficile	1496
Clostridium licheniforme	1402
CMV	12305
CNV	12143
Coccobacillus pfeifferi	727
Coffea arabica	13443
Coffea arabica L.	13443
Coffee	13443
Coffee senna	126820
Coffee sennas	126820
Coffees	13443
Coliphage lambda	10710
Colletotrichum higginsianum	80884
Comet	302767
Comets	302767
Common dab	27771
Common dabs	27771
Common hagfish	7769
Common hagfishs	7769
Common marmoset	9483
Common marmosets	9483
Common platanna	8355
Common platannas	8355
Common shore crab	6759
Common shore crabs	6759
Common tobacco	4097
Common tobaccos	4097
Common wheat	4565
Common wheats	4565
Coregonus peled	107322
Coriolus versicolor	5325
Corn	381124
Corns	381124
Cornyebacterium lactofermentum	1718
Corvus frugilegus	75140
Corymebacterium glutamicum	1718
Corynebacterium acnes	1747
Corynebacterium glutamicum	1718
Corynebacterium infantisepticum	1639
Corynebacterium lactofermentum	1718
Corynebacterium lilium	1718
Corynebacterium parvulum	1639
Cottony jujube	157914
Cottony jujubes	157914
Cow	9913
Cows	9913
Creosote bush	66636
Creosote bushs	66636
Cricetulus aureus	10029
Cricetulus griseus	10029
Cricetus griseus	10029
Cucumber	3659
Cucumber mosaic cucumovirus	12305
Cucumber mosaic cucumovirus CMV	12305
Cucumber mosaic virus	12305
Cucumber mosaic virus CMV	12305
Cucumber necrosis tombusvirus CNV	12143
Cucumber necrosis virus	12143
Cucumber necrosis virus CNV	12143
Cucumbers	3659
Cucumis sativu	3659
Cucumis sativus	3659
Cucumis sativus L.	3659
Curcuma aromatica	136209
Curcuma aromatica cv wenyujin	136209
Curcuma aromatica cv. wenyujin	136209
Curcuma aromatica Salisb.	136209
Cush-cush	55581
Cush-cush yam	55581
Cush-cush yams	55581
Cush-cushs	55581
Cyanobacterium synechocystis	1143
Cyprinus rerio	7955
D. affinidisjuncta	7262
D. C virus	64279
D. discoideum	44689
D. frankei	7955
D. funebris	7221
D. gonorrhoeae	485
D. grandiflora	41568
D. grandiflorum	41568
D. hepatitis A virus	691956
D. hepatitis virus 1	691956
D. hepatitis virus type 1	691956
D. intracellularis meningitidis	487
D. licheniformis	1402
D. melanogaster	7227
D. morifolium	41568
D. pneumoniae	1313
D. rerio	7955
D. rerio frankei	7955
D. rickettsii	783
D. russelii	8707
D. russellii	8707
D. triauraria	67534
D. trifida	55581
D. trifida L.f.	55581
D. virilis	7244
D. virus	12637
D. x grandiflorum	41568
D. x morifolium	41568
D.affinidisjuncta	7262
D.C virus	64279
D.discoideum	44689
D.frankei	7955
D.funebris	7221
D.gonorrhoeae	485
D.grandiflora	41568
D.grandiflorum	41568
D.hepatitis A virus	691956
D.hepatitis virus 1	691956
D.hepatitis virus type 1	691956
D.intracellularis meningitidis	487
D.licheniformis	1402
D.melanogaster	7227
D.morifolium	41568
D.pneumoniae	1313
D.rerio	7955
D.rerio frankei	7955
D.rickettsii	783
D.russelii	8707
D.russellii	8707
D.triauraria	67534
D.trifida	55581
D.trifida L.f.	55581
D.virilis	7244
D.virus	12637
D.x grandiflorum	41568
D.x morifolium	41568
Dab	27771
Daboia russelii	8707
Daboia russelli	8707
Daboia russellii	8707
Dabs	27771
Danio frankei	7955
Danio rerio	7955
Danio rerio frankei	7955
DCV	64279
Dendranthema grandiflora	41568
Dendranthema grandiflorum	41568
Dendranthema morifolium	41568
Dendranthema x grandiflorum	41568
Dendranthema x morifolium	41568
Dendrathema x grandiflorum	41568
Dendrathemum grandiflorum	41568
Dengue virus	12637
Denitrobacillus licheniformis	1402
Dermacentroxenus rickettsii	783
Dessert bananas	4641
Dictyostelium discoideum	44689
Dill	40922
Dills	40922
Dioscorea trifida	55581
Dioscorea trifida L.f.	55581
Diplococcus gonorrhoeae	485
Diplococcus pneumoniae	1313
Diplokokkus intracellularis meningitidis	487
Dog	9615
Dogs	9615
Domestic ass	9793
Domestic cattle	9913
Domestic cattles	9913
Domestic cow	9913
Domestic cows	9913
Domestic goat	9925
Domestic goats	9925
Domestic guinea pig	10141
Domestic guinea pigs	10141
Domestic horse	9796
Domestic horses	9796
Domestic rabbit	9986
Domestic rabbits	9986
Domestic sheep	9940
Domestic sheeps	9940
Domesticated barley	112509
Domesticated barleys	112509
Donkey	9793
Donkeys	9793
Douroucouli	9505
Douroucoulis	9505
Downy mildew	134698
Downy mildews	134698
Drosophila affinidisjuncta	7262
Drosophila C virus	64279
Drosophila funebris	7221
Drosophila irilis	7244
Drosophila melangaster	7227
Drosophila melanogaster	7227
Drosophila triauraria	67534
Drosophila virilis	7244
Duck hepatitis A virus	691956
Duck hepatitis virus 1	691956
Duck hepatitis virus type 1	691956
Dwarf Leghorn chickens	9031
E. aediculatus	5940
E. asinus	9793
E. caballus	9796
E. carotovora	554
E. coli	110766
E. esula	3993
E. esula L.	3993
E. ferus caballus	9796
E. graminis	34373
E. infectious anemia virus	11665
E. infectious anemia virus EIAV	11665
E. meliloti	382
E. monocytogenes	1639
E. nidulans	162425
E. phage lambda	10710
E. przewalskii f. caballus	9796
E. przewalskii forma caballus	9796
E. virus EBV	10376
E.aediculatus	5940
E.asinus	9793
E.caballus	9796
E.carotovora	554
E.coli	110766
E.esula	3993
E.esula L.	3993
E.ferus caballus	9796
E.graminis	34373
E.infectious anemia virus	11665
E.infectious anemia virus EIAV	11665
E.meliloti	382
E.monocytogenes	1639
E.nidulans	162425
E.phage lambda	10710
E.przewalskii f. caballus	9796
E.przewalskii forma caballus	9796
E.virus EBV	10376
EIAV	11665
Emericella nidulans	162425
Emperor tamarin	9491
Emperor tamarins	9491
Ensifer meliloti	382
Entamoeba coli	110766
Enterobacteria phage lambda	10710
Epstein-Barr virus	10376
Epstein-Barr virus EBV	10376
Epstein-Barr-virus EBV	10376
Equine	9796
Equine infectious anemia virus	11665
Equine infectious anemia virus EIAV	11665
Equines	9796
Equus asinus	9793
Equus caballus	9796
Equus ferus caballus	9796
Equus przewalskii f. caballus	9796
Equus przewalskii forma caballus	9796
Erwinia caratovora	554
Erwinia carotovora	554
Erysipelothrix monocytogenes	1639
Erysiphe graminis	34373
Euphorbia esula	3993
Euphorbia esula L.	3993
Euplotes aediculatus	5940
European rabbit	9986
European rabbits	9986
F. ananassa	3747
F. chiloensis x Fragaria virginiana	3747
F. febricis	11089
F. fujikuroi	5127
F. graminearum	5518
F. incarnatum	298378
F. moniliforme	117187
F. novicida	264
F. oxysporum	5507
F. pallidoroseum	298378
F. semitectum	298378
F. tularensis biogroup novicida	264
F. tularensis bv. novicida	264
F. tularensis subsp. novicida	264
F. tularensis var. novicida	264
F. verticillioides	117187
F. virginiana x Fragaria chiloensis	3747
F. x ananassa	3747
F.ananassa	3747
F.chiloensis x Fragaria virginiana	3747
F.febricis	11089
F.fujikuroi	5127
F.graminearum	5518
F.incarnatum	298378
F.moniliforme	117187
F.novicida	264
F.oxysporum	5507
F.pallidoroseum	298378
F.semitectum	298378
F.tularensis biogroup novicida	264
F.tularensis bv. novicida	264
F.tularensis subsp. novicida	264
F.tularensis var. novicida	264
F.verticillioides	117187
F.virginiana x Fragaria chiloensis	3747
F.x ananassa	3747
Fisher	76720
Fishers	76720
Fission yeast	4896
Fission yeasts	4896
Flag	34205
Flags	34205
Flavivirus febricis	11089
Fleur-de-lis	34205
Florist's chrysanthemum	41568
Florist's chrysanthemums	41568
Fragaria ananassa	3747
Fragaria chiloensis x Fragaria virginiana	3747
Fragaria virginiana x Fragaria chiloensis	3747
Fragaria x ananassa	3747
Francisella novicida	264
Francisella tularensis biogroup novicida	264
Francisella tularensis bv. novicida	264
Francisella tularensis subsp. novicida	264
Francisella tularensis var. novicida	264
fruit flies	7227
Fruit fly	7227
Fruit flys	7227
Fungal sp. ZZF51	5507
Fungal sp. ZZF51s	5507
Fusarium fujikuroi	5127
Fusarium graminearum	5518
Fusarium incarnatum	298378
Fusarium moniliformae	117187
Fusarium moniliforme	117187
Fusarium oxysporum	5507
Fusarium pallidoroseum	298378
Fusarium semitectum	298378
Fusarium sp. GIFUUTR5	5507
Fusarium sp. GIFUUTR5s	5507
Fusarium sp. PDBC NPFu1	5507
Fusarium sp. PDBC NPFu1s	5507
Fusarium sp. PDBC NPFu2	5507
Fusarium sp. PDBC NPFu2s	5507
Fusarium sp. PDBC NPFu3	5507
Fusarium sp. PDBC NPFu3s	5507
Fusarium verticillioides	117187
G. B streptococcus	1319
G. fujikuroi	5127
G. gallus	9031
G. intraradices	4876
G. moniliformis	117187
G. neisseri	485
G. tenuistipitata	2776
G. tenuistipitata C.F.Chang & B.M.Xia	2776
G. zeae	5518
G.B streptococcus	1319
G.fujikuroi	5127
G.gallus	9031
G.intraradices	4876
G.moniliformis	117187
G.neisseri	485
G.tenuistipitata	2776
G.tenuistipitata C.F.Chang & B.M.Xia	2776
G.zeae	5518
Gag	103820
Gags	103820
Gallus domesticus	9031
Gallus gallus	9031
Gallus gallus domesticus	9031
Gatekeeper	111938
Gatekeeper butterfly	111938
Gatekeeper butterflys	111938
Gatekeepers	111938
Gaur	9904
Gaurs	9904
Giant panda	9646
Giant pandas	9646
Giant reed	35708
Giant reeds	35708
Gibberella fujikuroi	5127
Gibberella moniliformis	117187
Gibberella zeae	5518
Gibbon	9581
Gibbons	9581
girl	9606
Glomus intraradices	4876
Glycine max	3847
Glycine max; cv. Wye	3847
Goat	9925
Goats	9925
Gonococcus neisseri	485
Gracilaria tenuistipita	2776
Gracilaria tenuistipitata	2776
Gracilaria tenuistipitata C.F.Chang & B.M.Xia	2776
Grapefruit	37656
Grapefruits	37656
Grass mildew	34373
Grass mildews	34373
Green crab	6759
Green crabs	6759
Group B streptococcus	1319
Guinea pig	10141
Guinea pigs	10141
guinea-pig	10141
Gunn rats	10116
H. B virus	10407
H. B virus HBV	10407
H. C virus	11103
H. C virus HCV	11103
H. cholera virus	11096
H. distichon	112509
H. distichum	112509
H. hepatitis B virus	10407
H. hepatitis B virus HBV	10407
H. hepatitis C virus	11103
H. hepatitis C virus HCV	11103
H. hepatitis virus C HCV	11103
H. herpesvirus 1	10298
H. herpesvirus 4	10376
H. herpesvirus 5	10359
H. herpesvirus type 1	10298
H. herpesvirus type 4	10376
H. herpesvirus type 5	10359
H. immunodeficiency virus	12721
H. immunodeficiency virus 1	11676
H. immunodeficiency virus 1 HIV-1	11676
H. immunodeficiency virus HIV-1	11676
H. immunodeficiency virus type 1	11676
H. immunodeficiency virus type 1 HIV 1	11676
H. immunodeficiency virus type 1 HIV-1	11676
H. immunodeficiency virus type 1 HIV1	11676
H. immunodeficiency virus type I HIV-1	11676
H. immunodeficiency virus type-1 HIV-1	11676
H. immunodeficiency virus-1 HIV-1	11676
H. influenzae	727
H. jecorina	51453
H. meningitidis	727
H. nemestrinae	210
H. Papilloma Virus	10566
H. papillomavirus	10566
H. papillomavirus HPV	10566
H. pneumoniae	573
H. pylori	210
H. rhinovirus	169066
H. rhinovirus sp.	169066
H. sapiens	9606
H. sativum	112509
H. simplex virus 1	10298
H. simplex virus 1 HSV-1	10298
H. simplex virus HSV-1	10298
H. simplex virus type 1 HSV-1	10298
H. simplex virus type 1 HSV1	10298
H. simplex virus type-1 HSV-1	10298
H. sp.	9581
H. vulgare distichum	112509
H. vulgare subsp. vulgare	112509
H. vulgare var. distichum	112509
H. vulgare var. nudum	112509
H.B virus	10407
H.B virus HBV	10407
H.C virus	11103
H.C virus HCV	11103
H.cholera virus	11096
H.distichon	112509
H.distichum	112509
H.hepatitis B virus	10407
H.hepatitis B virus HBV	10407
H.hepatitis C virus	11103
H.hepatitis C virus HCV	11103
H.hepatitis virus C HCV	11103
H.herpesvirus 1	10298
H.herpesvirus 4	10376
H.herpesvirus 5	10359
H.herpesvirus type 1	10298
H.herpesvirus type 4	10376
H.herpesvirus type 5	10359
H.immunodeficiency virus	12721
H.immunodeficiency virus 1	11676
H.immunodeficiency virus 1 HIV-1	11676
H.immunodeficiency virus HIV-1	11676
H.immunodeficiency virus type 1	11676
H.immunodeficiency virus type 1 HIV 1	11676
H.immunodeficiency virus type 1 HIV-1	11676
H.immunodeficiency virus type 1 HIV1	11676
H.immunodeficiency virus type I HIV-1	11676
H.immunodeficiency virus type-1 HIV-1	11676
H.immunodeficiency virus-1 HIV-1	11676
H.influenzae	727
H.jecorina	51453
H.meningitidis	727
H.nemestrinae	210
H.Papilloma Virus	10566
H.papillomavirus	10566
H.papillomavirus HPV	10566
H.pneumoniae	573
H.pylori	210
H.rhinovirus	169066
H.rhinovirus sp.	169066
H.sapiens	9606
H.sativum	112509
H.simplex virus 1	10298
H.simplex virus 1 HSV-1	10298
H.simplex virus HSV-1	10298
H.simplex virus type 1 HSV-1	10298
H.simplex virus type 1 HSV1	10298
H.simplex virus type-1 HSV-1	10298
H.sp.	9581
H.vulgare distichum	112509
H.vulgare subsp. vulgare	112509
H.vulgare var. distichum	112509
H.vulgare var. nudum	112509
Haemophilus influenzae	727
Haemophilus meningitidis	727
Hagfish	7769
Hagfishs	7769
HBV	10407
HCV	11096
HCV	11103
Helicobacter nemestrinae	210
Helicobacter pylori	210
Hepatitis B virus	10407
Hepatitis B virus HBV	10407
Hepatitis C	11103
Hepatitis C virus	11103
Hepatitis C virus HCV	11103
Herpes simplex virus 1	10298
Herpes simplex virus 1 HSV-1	10298
Herpes simplex virus HSV-1	10298
Herpes simplex virus type 1	10298
Herpes simplex virus type 1 HSV-1	10298
Herpes simplex virus type 1 HSV1	10298
Herpes simplex virus type 1s	10298
Herpes simplex virus type-1 HSV-1	10298
Herpesvirus	39059
HIV	12721
HIV-1	11676
HIV1	11676
Hog cholera virus	11096
Hog cholera virus HCV	11096
Homo sapiens	9606
Hordeum distichon	112509
Hordeum distichon L.	112509
Hordeum distichum	112509
Hordeum sativum	112509
Hordeum sativum Jess.	112509
Hordeum vulgare distichum	112509
Hordeum vulgare subsp. vulgare	112509
Hordeum vulgare var. distichum	112509
Hordeum vulgare var. nudum	112509
Horse	9796
Horseradish	3704
Horseradishs	3704
Horses	9796
House mouse	10090
House mouses	10090
HSV-1	10298
HSV1	10298
Human	9606
Human cytomegalovirus	10359
Human cytomegalovirus CMV	10359
Human cytomegalovirus HCMV	10359
Human hepatitis B virus	10407
Human hepatitis B virus HBV	10407
Human hepatitis C virus	11103
Human hepatitis C virus HCV	11103
Human hepatitis virus C HCV	11103
Human hepatitis virus HCV	11103
Human herpesvirus 1	10298
Human herpesvirus 4	10376
Human herpesvirus 5	10359
Human herpesvirus type 1	10298
Human herpesvirus type 4	10376
Human herpesvirus type 5	10359
Human Herpesvirus-1	10298
Human immundeficiency virus type 1	11676
Human immunodeficiencey virus type 1	11676
Human immunodeficiency virus	12721
Human immunodeficiency virus 1	11676
Human immunodeficiency virus 1 HIV-1	11676
Human immunodeficiency virus HIV-1	11676
Human immunodeficiency virus type 1	11676
Human immunodeficiency virus type 1 HIV 1	11676
Human immunodeficiency virus type 1 HIV-1	11676
Human immunodeficiency virus type 1 HIV1	11676
Human immunodeficiency virus type I HIV-1	11676
Human immunodeficiency virus type-1 HIV-1	11676
Human immunodeficiency virus-1 HIV-1	11676
Human Papilloma Virus	10566
Human papillomavirus	10566
Human papillomavirus HPV	10566
Human rhinovirus	169066
Human rhinovirus sp.	169066
Humans	9606
Hyalococcus pneumoniae	573
Hylobates sp.	9581
Hypocea jecorina	51453
Hypocrea jecorina	51453
Hypocrea pecorina	51453
I. A virus	11320
I. affinidisjuncta	7262
I. germanica	34205
I. germanica L.	34205
I. paraguariensis	185542
I. paraguariensis A.St.-Hil.	185542
I. paraguensis	185542
I. virus	11309
I. virus sp.	11309
I. virus type A	11320
I. x germanica	34205
I.A virus	11320
I.affinidisjuncta	7262
I.germanica	34205
I.germanica L.	34205
I.paraguariensis	185542
I.paraguariensis A.St.-Hil.	185542
I.paraguensis	185542
I.virus	11309
I.virus sp.	11309
I.virus type A	11320
I.x germanica	34205
Idiomyia affinidisjuncta	7262
IFV	11309
Ilex paraguariensis	185542
Ilex paraguariensis A.St.-Hil.	185542
Ilex paraguensis	185542
Indian corn	381124
Indian corns	381124
Indian-plum	157914
Indian-plums	157914
infant	9606
Influenza A virus	11320
Influenza A virus INF A	11320
Influenza virus	11309
Influenza virus sp.	11309
Influenza virus type A	11320
Influenza-bacillus	727
Influenzavirus	11309
Iris germanica	34205
Iris germanica L.	34205
Iris x germanica	34205
Iris x germanicum	34205
Japanese honeysuckle	105884
Japanese honeysuckles	105884
Japanese white rabbit	9986
Japanese white rabbits	9986
Japanese-nutmeg	50189
Japanese-nutmegs	50189
K. pastoris	4922
K. pneumoniae	573
K.pastoris	4922
K.pneumoniae	573
Kaya	50189
Kayas	50189
Klebsiella pneumoniae	573
Klebsiella sp. M-AI-2	573
Klebsiella sp. M-AI-2s	573
Komagataella pastoris	4922
L. bulgarica	1638
L. catesbeianus	8400
L. chinensis	151069
L. chinensis Sonn.	151069
L. corniculatus	47247
L. donovani	5661
L. donovani infantum	5671
L. esculentum	4081
L. esculentum Mill.	4081
L. esculentum var. esculentum	4081
L. hepatolytica	1639
L. infantum	5671
L. ivanovii	1638
L. japonica	105884
L. limanda	27771
L. major	5664
L. monocytogenes	1639
L. monocytogenes subsp. perhaemolytica	1638
L. nodorum	13684
L. perhaemolytica	1638
L. phage	10710
L. pseudomallei	28450
L. tridentata	66636
L. tropica major	5664
L. xanthurus	59837
L.bulgarica	1638
L.catesbeianus	8400
L.chinensis	151069
L.chinensis Sonn.	151069
L.corniculatus	47247
L.donovani	5661
L.donovani infantum	5671
L.esculentum	4081
L.esculentum Mill.	4081
L.esculentum var. esculentum	4081
L.hepatolytica	1639
L.infantum	5671
L.ivanovii	1638
L.japonica	105884
L.limanda	27771
L.major	5664
L.monocytogenes	1639
L.monocytogenes subsp. perhaemolytica	1638
L.nodorum	13684
L.perhaemolytica	1638
L.phage	10710
L.pseudomallei	28450
L.tridentata	66636
L.tropica major	5664
L.xanthurus	59837
Laboratory rat	10116
Laboratory rats	10116
Lager beer yeast	4932
Lager beer yeasts	4932
Lambda phage	10710
Lambs	9940
Larrea tridentata	66636
Leafy spurge	3993
Leafy spurges	3993
Leiostomus xanthurus	59837
Leishmania donovani	5661
Leishmania donovani infantum	5671
Leishmania infantum	5671
Leishmania major	5664
Leishmania tropica major	5664
Leopard danio	7955
Leopard danios	7955
Leptosphaeria nodorum	13684
Lepus cuniculus	9986
Limanda limanda	27771
Liopsetta limanda	27771
Listerella hepatolytica	1639
Listeria bulgarica	1638
Listeria ivanovii	1638
Listeria monocytogenes	1639
Listeria monocytogenes subsp. perhaemolytica	1638
Listeria perhaemolytica	1638
Litchi	151069
Litchi chinensis	151069
Litchi chinensis Sonn.	151069
Litchis	151069
Lithobates catesbeianus	8400
LK3 transgenic mice	10090
LK3 transgenic mices	10090
Loefflerella pseudomallei	28450
Lonicera japonica	105884
Lonicera japonica Thunb.	105884
Lotus corniculatus	47247
Lychee	151069
Lychees	151069
Lycopersicon esculentum	4081
Lycopersicon esculentum Mill.	4081
Lycopersicon esculentum var. esculentum	4081
Lycopersicon lycopersicum	4081
Lycopersicum esculentum	4081
Lyme disease spirochete	139
Lyme disease spirochetes	139
Lysteria monocytogenes	1639
M. AA Group	4641
M. acuminata	4641
M. acuminata AA Group	4641
M. aquatica x Mentha spicata	34256
M. aureus	1280
M. avium complex	37162
M. bacterium	56765
M. bovis	1765
M. der gonorrhoe	485
M. epidermidis	1282
M. gallisepticum	2096
M. glutamicus	1718
M. glutinosa	7769
M. gonococcus	485
M. gonorrhoeae	485
M. haemolytica	75985
M. influenzae	727
M. intracellularis	487
M. iowae	2116
M. laidlawii	2148
M. mammary tumor provirus MMTV	11757
M. mammary tumor virus	11757
M. mammary tumor virus MMT	11757
M. mammary tumor virus MMTV	11757
M. mammary tumor virus MTV	11757
M. maripuniceus	1718
M. melitensis	29459
M. meningitidis	487
M. meningitidis cerebrospinalis	487
M. microlepis	103820
M. musculus	10090
M. nana	4641
M. nematophilum	151262
M. parainfluenza virus 1	11191
M. paratuberculosis smegmatis	1772
M. pennanti	76720
M. pilosus	89488
M. piperita	34256
M. pneumonia virus	11263
M. pneumoniae	1313
M. pseudomallei	28450
M. pyogenes	1280
M. smegmatis	1772
M. tuberculosis	1773
M. tuberculosis typus bovinus	1765
M. tuberculosis typus humanus	1773
M. tuberculosis var. bovis	1765
M. tuberculosis var. hominis	1773
M. versicolor	5325
M. virus	10273
M. virus MYX	10273
M. x piperita	34256
M. x piperita L.	34256
M. x piperita var. officinalis	34256
M. x piperita var. officinalis f. rubescens	34256
M.AA Group	4641
M.acuminata	4641
M.acuminata AA Group	4641
M.aquatica x Mentha spicata	34256
M.aureus	1280
M.avium complex	37162
M.bacterium	56765
M.bovis	1765
M.der gonorrhoe	485
M.epidermidis	1282
M.gallisepticum	2096
M.glutamicus	1718
M.glutinosa	7769
M.gonococcus	485
M.gonorrhoeae	485
M.haemolytica	75985
M.influenzae	727
M.intracellularis	487
M.iowae	2116
M.laidlawii	2148
M.mammary tumor provirus MMTV	11757
M.mammary tumor virus	11757
M.mammary tumor virus MMT	11757
M.mammary tumor virus MMTV	11757
M.mammary tumor virus MTV	11757
M.maripuniceus	1718
M.melitensis	29459
M.meningitidis	487
M.meningitidis cerebrospinalis	487
M.microlepis	103820
M.musculus	10090
M.nana	4641
M.nematophilum	151262
M.parainfluenza virus 1	11191
M.paratuberculosis smegmatis	1772
M.pennanti	76720
M.pilosus	89488
M.piperita	34256
M.pneumonia virus	11263
M.pneumoniae	1313
M.pseudomallei	28450
M.pyogenes	1280
M.smegmatis	1772
M.tuberculosis	1773
M.tuberculosis typus bovinus	1765
M.tuberculosis typus humanus	1773
M.tuberculosis var. bovis	1765
M.tuberculosis var. hominis	1773
M.versicolor	5325
M.virus	10273
M.virus MYX	10273
M.x piperita	34256
M.x piperita L.	34256
M.x piperita var. officinalis	34256
M.x piperita var. officinalis f. rubescens	34256
MAC	37162
Maize	381124
Maizes	381124
Malaria parasite P. falciparum	5833
Malaria parasite P. falciparums	5833
Malleomyces pseudomallei	28450
Mamon	3649
Mamons	3649
Man	9606
Mannheimia haemolytica	75985
Mans	9606
Mapuey	55581
Mapueys	55581
Marine bacterium	56765
Marine lamprey	7757
Marine lampreys	7757
Marmosets	38020
Martes pennanti	76720
Mate	185542
Mates	185542
men	9606
Mentha aquatica x Mentha spicata	34256
Mentha piperita	34256
Mentha x piperita	34256
Mentha x piperita glacialis	34256
Mentha x piperita L.	34256
Mentha x piperita var. officinalis	34256
Mentha x piperita var. officinalis f. rubescens	34256
Merismopedia gonorrhoeae	485
mice	10090
Mice C57BL/6xCBA/CaJ hybrid	10090
Microbacterium nematophilum	151262
Microbacterium sp. ATCC 15283	1718
Microbacterium sp. ATCC 15283s	1718
Micrococcus aureus	1280
Micrococcus der gonorrhoe	485
Micrococcus epidermidis	1282
Micrococcus glutamicus	1718
Micrococcus gonococcus	485
Micrococcus gonorrhoeae	485
Micrococcus intracellularis	487
Micrococcus maripuniceus	1718
Micrococcus melitensis	29459
Micrococcus meningitidis	487
Micrococcus meningitidis cerebrospinalis	487
Micrococcus pneumoniae	1313
Micrococcus pyogenes	1280
Microporus versicolor	5325
Milo	4558
Milos	4558
MMTV	11757
Monascus pilosus	89488
Mouse	10090
Mouse mammary tumor virus	11757
Mouse mammary tumor virus MMT	11757
Mouse mammary tumor virus MMTV	11757
Mouse mammary tumor virus MTV	11757
Mouse-ear cress	3702
Mouses	10090
MRSA	1280
murine	10090
Murine mammary tumor provirus MMTV	11757
Murine parainfluenza virus 1	11191
Murine pneumonia virus	11263
Mus muscaris	10090
Mus musculus	10090
Mus sp. 129SV	10090
Mus sp. 129SVs	10090
Musa AA Group	4641
Musa accumunata	4641
Musa acuminata	4641
Musa acuminata AA Group	4641
Musa acuminata Colla	4641
Musa nana	4641
Musa sp. 'Pisang lilin'	4641
Musa sp. 'Pisang lilin's	4641
Muscovy duck	8855
Muscovy ducks	8855
Mycobacterium avium complex	37162
Mycobacterium bovis	1765
Mycobacterium bovis subsp. bovis	1765
Mycobacterium influenzae	727
Mycobacterium paratuberculosis smegmatis	1772
Mycobacterium smegmatis	1772
Mycobacterium tuberculosis	1773
Mycobacterium tuberculosis typus bovinus	1765
Mycobacterium tuberculosis typus humanus	1773
Mycobacterium tuberculosis var. bovis	1765
Mycobacterium tuberculosis var. hominis	1773
Mycoplasma gallisepticum	2096
Mycoplasma iowae	2116
Mycoplasma iowense	2116
Mycoplasma laidlawii	2148
Mycteroperca microlepis	103820
Myxine glutinosa	7769
Myxoma virus	10273
Myxoma virus MYX	10273
N. benthamiana	4100
N. crassa	5141
N. gonorrhoeae	485
N. meningitidis	487
N. tabacum	4097
N. weichselbaumii	487
N. Ziziphus jujuba Mill.	157914
N.benthamiana	4100
N.crassa	5141
N.gonorrhoeae	485
N.meningitidis	487
N.tabacum	4097
N.weichselbaumii	487
N.Ziziphus jujuba Mill.	157914
Naine d'Afrique de l'Ouest	9925
Naine d'Afrique de l'Ouests	9925
Name	55581
Names	55581
Neisseria gonorrheae	485
Neisseria gonorrhoeae	485
Neisseria gonorrhoeae.	485
Neisseria meningitidis	487
Neisseria meningitidis.	487
Neisseria weichselbaumii	487
Nematode	6239
Nematodes	6239
Nesseria gonorrhoeae	485
Neurospora crassa	5141
Neurospora crassa Shear & B. O. Dodge 1927	5141
New Zealand rabbit	9986
New Zealand rabbits	9986
Nicotania tabacum	4097
Nicotiana benthamania	4100
Nicotiana benthamiana	4100
Nicotiana benthamiana Domin	4100
Nicotiana tabacum	4097
Nicotiana tabacum L.	4097
Nicotiana tabacum var. Samsun	4097
Night monkey	9505
Night monkeys	9505
Non Ziziphus jujuba Mill.	157914
Northern night monkey	9505
Northern night monkeys	9505
Norway rat	10116
Norway rats	10116
Nude mice	10090
Nude mices	10090
O. ammon aries	9940
O. aries	9940
O. cuniculus	9986
O. dioica	34765
O. orientalis aries	9940
O. ovis	9940
O. parahaemolytica	670
O. sativa	4530
O.ammon aries	9940
O.aries	9940
O.cuniculus	9986
O.dioica	34765
O.orientalis aries	9940
O.ovis	9940
O.parahaemolytica	670
O.sativa	4530
Oceanomonas parahaemolytica	670
Oikopleura dioica	34765
Oikopleura dioika	34765
Orang utan	9600
Orang utans	9600
Orang-utan	9600
Orang-utans	9600
Orangutan	9600
Orangutans	9600
Oryctolagus cuniculus	9986
Oryza sativa	4530
Oryza sativa L.	4530
Ovis ammon aries	9940
Ovis aries	9940
Ovis orientalis aries	9940
Ovis ovis	9940
Owl monkey	9505
Owl monkeys	9505
P. acnes	1747
P. amarus	293060
P. amarus Schumach. & Thonn.	293060
P. arvilla	303
P. bacteria	52958
P. bacterium	52958
P. campestris	339
P. carotovorum	554
P. cepacia	292
P. chabaudi	5825
P. chrysogenum virus	158372
P. convexa	303
P. eisenbergii	303
P. falciparum	5833
P. farinosa	134698
P. gingivalis	837
P. haemolytica	75985
P. hepatitis non A non B virus	11103
P. Hill Hantavirus	11603
P. Hill virus	11603
P. incognita	303
P. infestans	4787
P. kingii	292
P. lambda	10710
P. limanda	27771
P. maccacae	10633
P. maccacae 1	10633
P. marinus	7757
P. multivorans	292
P. nodorum	13684
P. novicida	264
P. ovalis	303
P. parahaemolytica	670
P. pastoris	4922
P. pestis	632
P. pseudomallei	28450
P. pseudotuberculosis	633
P. putida	303
P. pygmaeus	9600
P. radiobacter	358
P. rugosa	303
P. sp. KDB25	303
P. stewartii	66269
P. striata	303
P. syringae	317
P. syringae subsp. syringae	317
P. tithonus	111938
P. tricornutum	2850
P. tritici-repentis	45151
P. tumefaciens	358
P. type 2	11096
P. urinaria	296035
P. urinaria L.	296035
P. virus 5	11207
P. virus of mice	11263
P. virus of mice PVM	11263
P.acnes	1747
P.amarus	293060
P.amarus Schumach. & Thonn.	293060
P.arvilla	303
P.bacteria	52958
P.bacterium	52958
P.campestris	339
P.carotovorum	554
P.cepacia	292
P.chabaudi	5825
P.chrysogenum virus	158372
P.convexa	303
P.eisenbergii	303
P.falciparum	5833
P.farinosa	134698
P.gingivalis	837
P.haemolytica	75985
P.hepatitis non A non B virus	11103
P.Hill Hantavirus	11603
P.Hill virus	11603
P.incognita	303
P.infestans	4787
P.kingii	292
P.lambda	10710
P.limanda	27771
P.maccacae	10633
P.maccacae 1	10633
P.marinus	7757
P.multivorans	292
P.nodorum	13684
P.novicida	264
P.ovalis	303
P.parahaemolytica	670
P.pastoris	4922
P.pestis	632
P.pseudomallei	28450
P.pseudotuberculosis	633
P.putida	303
P.pygmaeus	9600
P.radiobacter	358
P.rugosa	303
P.sp. KDB25	303
P.stewartii	66269
P.striata	303
P.syringae	317
P.syringae subsp. syringae	317
P.tithonus	111938
P.tricornutum	2850
P.tritici-repentis	45151
P.tumefaciens	358
P.type 2	11096
P.urinaria	296035
P.urinaria L.	296035
P.virus 5	11207
P.virus of mice	11263
P.virus of mice PVM	11263
Pantoea stewartii	66269
Papaya	3649
Papayas	3649
Parainfluenza virus 5	11207
participant	9606
Pasteurella haemolytica	75985
Pasteurella novicida	264
Pasteurella parahaemolytica	670
Pasteurella pestis	632
Pasteurella pseudotuberculosis	633
patient	9606
PCV	158372
Pectobacterium carotovorum	554
Pectobacterium cartovorum	554
Peled	107322
Peleds	107322
Penicillium chrysogenum virus	158372
people	9606
Peppermint	34256
Peppermints	34256
Peronospora farinosa	134698
person	9606
Pestisella pestis	632
Pestivirus type 2	11096
Petromyzon marinus	7757
Phaeodactylum tricornutum	2850
Phaeosphaeria nodorum	13684
Phage lambda	10710
Phototrophic bacteria	52958
Phototrophic bacterium	52958
PHV	11603
Phyllanthus amarus	293060
Phyllanthus amarus Schumach. & Thonn.	293060
Phyllanthus urinaria	296035
Phyllanthus urinaria L.	296035
Phytomonas campestris	339
Phytomonas tumefaciens	358
Phytophthora infestans	4787
Pichia pastoris	4922
Pig	9823
Pigs	9823
Plasmodium chabaudi	5825
Plasmodium falciparum	5833
Platanna	8355
Platannas	8355
Pleuronectes limanda	27771
Pneumonia virus of mice	11263
Pneumonia virus of mice PVM	11263
Polymonas tumefaciens	358
Polynesian arrowroot	72648
Polynesian arrowroots	72648
Polyomavirus maccacae	10633
Polyomavirus maccacae 1	10633
Pomelo	37334
Pomelos	37334
Pongo pygmaeus	9600
Poria versicolor	5325
Porphyromonas gingivalis	837
Post-transfusion hepatitis non A non B virus	11103
Potato	4113
Potato late blight	4787
Potato late blight agent	4787
Potato late blight agents	4787
Potato late blight fungus	4787
Potatoes	4113
Potatos	4113
Propionibacterium acnes	1747
Propionicibacterium acnes	1747
Prospect Hill Hantavirus	11603
Prospect Hill virus	11603
Pseudomanas putida	303
Pseudomonas arvilla	303
Pseudomonas arvilla C-1	303
Pseudomonas arvilla C-1s	303
Pseudomonas campestris	339
Pseudomonas cepacia	292
Pseudomonas convexa	303
Pseudomonas eisenbergii	303
Pseudomonas incognita	303
Pseudomonas kingii	292
Pseudomonas multivorans	292
Pseudomonas ovalis	303
Pseudomonas pseudomallei	28450
Pseudomonas putida	303
Pseudomonas putida HK5	303
Pseudomonas putida HK5s	303
Pseudomonas radiobacter	358
Pseudomonas rugosa	303
Pseudomonas sp. CT363	303
Pseudomonas sp. CT363s	303
Pseudomonas sp. GR12-2	317
Pseudomonas sp. GR12-2s	317
Pseudomonas sp. KDB25	303
Pseudomonas sp. KDS 6	303
Pseudomonas sp. KDS 6s	303
Pseudomonas sp. TC29-1	303
Pseudomonas sp. TC29-1s	303
Pseudomonas striata	303
Pseudomonas syringae	317
Pseudomonas syringae subsp. syringae	317
Pseudomonas syringae subsp. syringae van Hall 1902	317
Pseudomonas syringae van Hall 1902	317
Pseudomonas tumefaciens	358
Pummelo	37334
Pummelos	37334
PVM	11263
Pyrenophora tritici-repentis	45151
Pyronia tithonus	111938
R. capsulata	1063
R. capsulatus	1063
R. catesbeiana	8400
R. conorii	781
R. conorii Brumpt 1932	781
R. elegans	6239
R. fibroma virus	10271
R. macaque polyomavirus	10633
R. meliloti	382
R. microplus	6941
R. minor	1063
R. montana	33991
R. montanensis	33991
R. norvegicus	10116
R. polyomavirus	10633
R. radiobacter	358
R. rickettsii	783
R. sphaeroides	1063
R. spheroides	1063
R. syncytial virus	12814
R. syncytial virus RS	12814
R. syncytial virus RS virus	12814
R. syncytial virus RSV	12814
R.capsulata	1063
R.capsulatus	1063
R.catesbeiana	8400
R.conorii	781
R.conorii Brumpt 1932	781
R.elegans	6239
R.fibroma virus	10271
R.macaque polyomavirus	10633
R.meliloti	382
R.microplus	6941
R.minor	1063
R.montana	33991
R.montanensis	33991
R.norvegicus	10116
R.polyomavirus	10633
R.radiobacter	358
R.rickettsii	783
R.sphaeroides	1063
R.spheroides	1063
R.syncytial virus	12814
R.syncytial virus RS	12814
R.syncytial virus RS virus	12814
R.syncytial virus RSV	12814
Rabbit	9986
Rabbit fibroma virus	10271
Rabbits	9986
Ramp	138334
Ramps	138334
Rana catesbeiana	8400
Rana catesbiana	8400
Rat	10116
Rats	10116
Rattus norvegicus	10116
Rattus norvegicus8	10116
Rattus norwegicus	10116
Rattus PC12 clone IS	10116
Rattus PC12 clone ISs	10116
Rattus rattiscus	10116
Rattus sp. strain Wistar	10116
Red junglefowl	9031
Red junglefowls	9031
Red rice	4530
Red rices	4530
Respiratory syncytial virus	12814
Respiratory syncytial virus RS	12814
Respiratory syncytial virus RS virus	12814
Respiratory syncytial virus RSV	12814
Retrovirus	31931
Rhabditis elegans	6239
Rhesus macaque polyomavirus	10633
Rhesus polyomavirus	10633
Rhipicephalus microplus	6941
Rhizobium meliloti	382
Rhizobium meliloti plasmid pRmeGR4b	382
Rhizobium meliloti plasmid pRmeGR4bs	382
Rhizobium radiobacter	358
Rhizobium sp. ISSDS-758	358
Rhizobium sp. ISSDS-758s	358
Rhodobacter sphaeroides	1063
Rhodococcus capsulatus	1063
Rhodococcus minor	1063
Rhodopseudomonas sphaeroides	1063
Rhodopseudomonas spheroides	1063
Rhodorhagus capsulatus	1063
Rhodorhagus minor	1063
Rhodorrhagus capsulatus	1063
Rhodorrhagus spheroides	1063
Rhodosphaera capsulata	1063
Rhodosphaera minor	1063
Rice	4530
Rices	4530
Rickettsia conorii	781
Rickettsia conorii Brumpt 1932	781
Rickettsia montana	33991
Rickettsia montanensis	33991
Rickettsia rickettsii	783
Rock grape	103352
Rock grapes	103352
Rook	75140
Rooks	75140
RSV	12814
Russell's viper	8707
Russell's vipers	8707
S. aegypti	7159
S. agalactiae	1311
S. agalactiae contagiosae	1311
S. aureus	1280
S. baicalensis	65409
S. baicalensis Georgi	65409
S. bicolor	4558
S. capensis	4932
S. cerevisiae	4932
S. cholerae-suis	28901
S. choleraesuis	28901
S. de la mammite	1311
S. difficile	1311
S. difficilis	1311
S. enterica	28901
S. enterica ser. choleraesuis	28901
S. epidermidis	1282
S. epidermidis albus	1282
S. esculentum	4081
S. esculentum Dunal	4081
S. fever virus	11096
S. fibroma virus	10271
S. fibroma virus SFV	10271
S. flexneri	623
S. fuckeliana	40559
S. hermsi	140
S. imperator	9491
S. italicus	4932
S. laidlawi AB	2148
S. littoralis	7109
S. lycopersicum	4081
S. lycopersicum L.	4081
S. malidevorans	4896
S. mastitidis	1311
S. meliloti	382
S. Miletensis	29459
S. mutans	1309
S. nodorum	13684
S. occidentalis	126820
S. oneidensis	70863
S. oviformis	4932
S. paradysenteriae	623
S. parainfluenza virus 5	11207
S. paramyxovirus SV5	11207
S. pneumoniae	1313
S. pombe	4896
S. pseudotuberculosis	633
S. pyogenes aureus	1280
S. pyogenes citreus	1280
S. saccharatum	4558
S. salar	8030
S. scrofa	9823
S. solfataricus	2287
S. sp.	1143
S. sp. 'group B'	1319
S. sp. group B	1319
S. tropicalis	8364
S. tuberosum	4113
S. tuberosum subsp. tuberosum	4113
S. turicatae	142
S. uvarum var. melibiosus	4932
S. virus	11191
S. virus 40	10633
S. virus 5	11207
S. virus 5 SV5	11207
S. vulgare	4558
S.aegypti	7159
S.agalactiae	1311
S.agalactiae contagiosae	1311
S.aureus	1280
S.baicalensis	65409
S.baicalensis Georgi	65409
S.bicolor	4558
S.capensis	4932
S.cerevisiae	4932
S.cholerae-suis	28901
S.choleraesuis	28901
S.de la mammite	1311
S.difficile	1311
S.difficilis	1311
S.enterica	28901
S.enterica ser. choleraesuis	28901
S.epidermidis	1282
S.epidermidis albus	1282
S.esculentum	4081
S.esculentum Dunal	4081
S.fever virus	11096
S.fibroma virus	10271
S.fibroma virus SFV	10271
S.flexneri	623
S.fuckeliana	40559
S.hermsi	140
S.imperator	9491
S.italicus	4932
S.laidlawi AB	2148
S.littoralis	7109
S.lycopersicum	4081
S.lycopersicum L.	4081
S.malidevorans	4896
S.mastitidis	1311
S.meliloti	382
S.Miletensis	29459
S.mutans	1309
S.nodorum	13684
S.occidentalis	126820
S.oneidensis	70863
S.oviformis	4932
S.paradysenteriae	623
S.parainfluenza virus 5	11207
S.paramyxovirus SV5	11207
S.pneumoniae	1313
S.pombe	4896
S.pseudotuberculosis	633
S.pyogenes aureus	1280
S.pyogenes citreus	1280
S.saccharatum	4558
S.salar	8030
S.scrofa	9823
S.solfataricus	2287
S.sp.	1143
S.sp. 'group B'	1319
S.sp. group B	1319
S.tropicalis	8364
S.tuberosum	4113
S.tuberosum subsp. tuberosum	4113
S.turicatae	142
S.uvarum var. melibiosus	4932
S.virus	11191
S.virus 40	10633
S.virus 5	11207
S.virus 5 SV5	11207
S.vulgare	4558
Saccaromyces cerevisiae	4932
Saccharomyces capensis	4932
Saccharomyces cerevisiae	4932
Saccharomyces italicus	4932
Saccharomyces oviformis	4932
Saccharomyces uvarum var. melibiosus	4932
Saccharomyes cerevisiae	4932
Sacha papa	55581
Sacha papas	55581
Saguinus imperator	9491
Salmo salar	8030
Salmonella cholerae-suis	28901
Salmonella choleraesuis	28901
Salmonella enterica	28901
Salmonella enterica ser. choleraesuis	28901
Sand grape	103352
Sand grapes	103352
Sapromyces laidlawi AB	2148
Sccharomyces cerevisiae	4932
Schizosaccharomyces malidevorans	4896
Schizosaccharomyces pombe	4896
Schizosaccharomyces pombeP	4896
Sclerotinia fuckeliana	40559
Scutellaria baicalensis	65409
Scutellaria baicalensis Georgi	65409
Sea lamprey	7757
Sea lampreys	7757
Seladang	9904
Seladangs	9904
Sendai virus	11191
Senna occidentalis	126820
Septoria nodorum	13684
SFV	10271
SFV	11096
Shaddock	37334
Shaddocks	37334
Sheep	9940
Sheeps	9940
Shewanella oneidensis	70863
Shewanella putrefaciens MR-1	70863
Shewanella putrefaciens MR-1s	70863
Shewanella sp. SCH0401	70863
Shewanella sp. SCH0401s	70863
Shigella flexneri	623
Shigella paradysenteriae	623
Shigella pseudotuberculosis	633
Shope fibroma virus	10271
Shope fibroma virus SFV	10271
Silurana tropicalis	8364
Simian parainfluenza virus 5	11207
Simian paramyxovirus SV5	11207
Simian virus 40	10633
Simian virus 5	11207
Simian virus 5 SV5	11207
Sinorhizobium meliloti	382
Solanum esculentum	4081
Solanum esculentum Dunal	4081
Solanum lycopersicon	4081
Solanum lycopersicum	4081
Solanum lycopersicum L.	4081
Solanum tuberosum	4113
Solanum tuberosum L.	4113
Solanum tuberosum subsp. tuberosum	4113
Somali wild ass	9793
Sorghum	4558
Sorghum bicolor	4558
Sorghum bicolor milo	4558
Sorghum saccharatum	4558
Sorghum vulgare	4558
Sorghum vulgare Pers.	4558
Sorghums	4558
South African angora goat	9925
Southern cattle tick	6941
Southern cattle ticks	6941
Soybean	3847
Soybeans	3847
Spirochaeta hermsi	140
Spirochaeta turicatae	142
Spodoptera littoralis	7109
Spot	59837
Spot croaker	59837
Spot croakers	59837
Spots	59837
Sprague-Dawley rat	10116
Sprague-Dawley rats	10116
Stagonospora nodorum	13684
Staphilococcus aureus	1280
Staphlococcus pyogenes citreus	1280
Staphylococcus aureus	1280
Staphylococcus aureus Rosenbach 1884	1280
Staphylococcus epidermidis	1282
Staphylococcus epidermidis albus	1282
Staphylococcus mutans	1309
Staphylococcus pyogenes aureus	1280
Staphylococus aureus	1280
Stegomyia aegypti	7159
Strawberry	3747
Strawberrys	3747
Streptoccocus de la mammite	1311
Streptococcus agalactiae	1311
Streptococcus agalactiae contagiosae	1311
Streptococcus aureus	1280
Streptococcus difficile	1311
Streptococcus difficilis	1311
Streptococcus mastitidis	1311
Streptococcus Miletensis	29459
Streptococcus mutans	1309
Streptococcus mutans Clarke 1924	1309
Streptococcus pneumoniae	1313
Streptococcus sp. 'group B'	1319
Streptococcus sp. group B	1319
Sulfolobus fataricus	2287
Sulfolobus solfataricus	2287
Sus scrofa	9823
Sus scrofus	9823
SV-5	11207
SV40	10633
SV5	11207
Sweet banana	4641
Sweet bananas	4641
Swine	9823
Swine fever virus	11096
Swines	9823
Synechocystis sp	1143
Synechocystis sp.	1143
Synechocystis sp.8	1143
T. aestivum	4565
T. aestivum subsp. aestivum	4565
T. basicola	124036
T. brucei	5691
T. brucei subgroup	5691
T. concretivorus	930
T. crassiceps	6207
T. crenatus	930
T. forsythensis	28112
T. forsythia	28112
T. gondii	5811
T. leontopetaloides	72648
T. lobatus	930
T. maritima	2336
T. medium	58231
T. microlepis	103820
T. mosaic virus	12242
T. mosaic virus TMV	12242
T. nucifera	50189
T. oryzae	34362
T. pinnatifida	72648
T. pinnatifida J.R.Forst. & G.Forst.	72648
T. Rattle Tobravirus	12295
T. rattle virus	12295
T. rattle virus TRV	12295
T. reesei	51453
T. spiralis	6334
T. spotted wilt virus	11613
T. spotted wilt virus TSWV	11613
T. tepidum	1050
T. thermitanus	930
T. thiooxidans	930
T. thiooxydans	930
T. troglodytes	36278
T. umbonatus	930
T. versicolor	5325
T. vulgare	4565
T.aestivum	4565
T.aestivum subsp. aestivum	4565
T.basicola	124036
T.brucei	5691
T.brucei subgroup	5691
T.concretivorus	930
T.crassiceps	6207
T.crenatus	930
T.forsythensis	28112
T.forsythia	28112
T.gondii	5811
T.leontopetaloides	72648
T.lobatus	930
T.maritima	2336
T.medium	58231
T.microlepis	103820
T.mosaic virus	12242
T.mosaic virus TMV	12242
T.nucifera	50189
T.oryzae	34362
T.pinnatifida	72648
T.pinnatifida J.R.Forst. & G.Forst.	72648
T.Rattle Tobravirus	12295
T.rattle virus	12295
T.rattle virus TRV	12295
T.reesei	51453
T.spiralis	6334
T.spotted wilt virus	11613
T.spotted wilt virus TSWV	11613
T.tepidum	1050
T.thermitanus	930
T.thiooxidans	930
T.thiooxydans	930
T.troglodytes	36278
T.umbonatus	930
T.versicolor	5325
T.vulgare	4565
Tabena	55581
Tabenas	55581
Tacca leontopetaloides	72648
Tacca pinnatifida	72648
Tacca pinnatifida J.R.Forst. & G.Forst.	72648
Taenia crassiceps	6207
Tamarin	9491
Tamarins	9491
Tannerella forsythensis	28112
Tannerella forsythia	28112
Thale cress	3702
Thale-cress	3702
Thermochromatium tepidum	1050
Thermotoga maritima	2336
Thielaviopsis basicola	124036
Thiobacillus concretivorus	930
Thiobacillus crenatus	930
Thiobacillus lobatus	930
Thiobacillus thermitanus	930
Thiobacillus thiooxidans	930
Thiobacillus umbonatus	930
Thiobacterium thiooxydans	930
Tia	72648
Tias	72648
TMV	12242
Tobacco	4097
Tobacco mosaic virus	12242
Tobacco mosaic virus TMV	12242
Tobacco Rattle Tobravirus	12295
Tobacco rattle virus	12295
Tobacco rattle virus TRV	12295
Tobaccos	4097
Tomato	4081
Tomato spotted wilt virus	11613
Tomato spotted wilt virus TSWV	11613
Tomatos	4081
Torreya nucifera	50189
Toxoplasma gondii	5811
Trametes versicolor	5325
Transgenic mice	10090
Transgenic mices	10090
Treponema medium	58231
Trichinella spiralis	6334
Trichoderma reesei	51453
Trichosporon oryzae	34362
Tricum aestivum	4565
Trisotropis microlepis	103820
Triticum aestivam	4565
Triticum aestivum	4565
Triticum aestivum L.	4565
Triticum aestivum subsp. aestivum	4565
Triticum aestivum8	4565
Triticum vulgare	4565
Troglodyted troglodyted	36278
Troglodytes troglodytes	36278
TRV	12295
Trypanosoma brucei	5691
Trypanosoma brucei subgroup	5691
TSWV	11613
Two-rowed barley	112509
Two-rowed barleys	112509
U. marine bacteria	56765
U. marine bacterium	56765
U. maydis	5270
U.marine bacteria	56765
U.marine bacterium	56765
U.maydis	5270
Uncultured marine bacteria	56765
Uncultured marine bacterium	56765
Unknown marine bacterium	56765
Ustilago maydis	5270
V. equine encephalitis VEE	11036
V. equine encephalitis virus	11036
V. equine encephalitis virus VEE	11036
V. equine encephalomyelitis virus	11036
V. hepaticus	197
V. jejuni	197
V. parahaemolyticus	670
V. rupestris	103352
V. rupestris Scheele	103352
V. russelli	8707
V. russellii	8707
V. subtilis	1423
V. succinogenes	844
V.equine encephalitis VEE	11036
V.equine encephalitis virus	11036
V.equine encephalitis virus VEE	11036
V.equine encephalomyelitis virus	11036
V.hepaticus	197
V.jejuni	197
V.parahaemolyticus	670
V.rupestris	103352
V.rupestris Scheele	103352
V.russelli	8707
V.russellii	8707
V.subtilis	1423
V.succinogenes	844
VEEV	11036
Venezuelan equine encephalitis VEE	11036
Venezuelan equine encephalitis virus	11036
Venezuelan equine encephalitis virus VEE	11036
Venezuelan equine encephalomyelitis virus	11036
Vibrio hepaticus	197
Vibrio jejuni	197
Vibrio parahaemolyticus	670
Vibrio parahemolyticus	670
Vibrio subtilis	1423
Vibrio succinogenes	844
Vipera russelli	8707
Vipera russellii	8707
Vitis rupestris	103352
Vitis rupestris Scheele	103352
W. somnifera	126910
W. succinogenes	844
W.somnifera	126910
W.succinogenes	844
Western clawed frog	8364
Western clawed frogs	8364
Wheat	4565
Wheats	4565
White ear-tufted marmoset	9483
White ear-tufted marmosets	9483
White-tufted-ear marmoset	9483
White-tufted-ear marmosets	9483
Wild boar	9823
Wild boars	9823
Wild goat	9923
Wild goats	9923
Wild leek	138334
Wild leeks	138334
Wild sheep	9940
Wild sheeps	9940
Wild turmeric	136209
Wild turmerics	136209
Winter wren	36278
Winter wrens	36278
Wistar rats	10116
Withania somnifera	126910
Wolf's milk	3993
Wolf's milks	3993
Wolinella succinicigenes	844
Wolinella succinogenes	844
woman	9606
women	9606
Wren	36278
Wrens	36278
X. campestris	339
X. campestris var. aberrans	339
X. campestris var. armoraceae	339
X. laevis	8355
X. laevis tropicalis	8364
X. tropicalis	8364
X.campestris	339
X.campestris var. aberrans	339
X.campestris var. armoraceae	339
X.laevis	8355
X.laevis tropicalis	8364
X.tropicalis	8364
Xanthomonas campestris	339
Xanthomonas campestris var. aberrans	339
Xanthomonas campestris var. armoraceae	339
Xenopus laevis	8355
Xenopus laevis tropicalis	8364
Xenopus leavis	8355
Xenopus tropicalis	8364
Y. enterocolitica	630
Y. fever virus	11089
Y. fever virus YFV	11089
Y. pestis	632
Y. pseudotuberculosis	633
Y. pseudotuberculosis subsp. pestis	632
Y.enterocolitica	630
Y.fever virus	11089
Y.fever virus YFV	11089
Y.pestis	632
Y.pseudotuberculosis	633
Y.pseudotuberculosis subsp. pestis	632
Yampee	55581
Yampees	55581
Yampi	55581
Yampis	55581
Ye xia zhu	296035
Ye xia zhus	296035
Yeast	4932
Yeasts	4932
Yellow fever mosquito	7159
Yellow fever mosquitos	7159
Yellow fever virus	11089
Yellow fever virus YFV	11089
Yerba-mate	185542
Yerba-mates	185542
Yersinia enterocolitica	630
Yersinia pestis	632
Yersinia pseudotuberculosis	633
Yersinia pseudotuberculosis subsp. pestis	632
YFV	11089
Yu	37334
Yus	37334
Z. mauritiana	157914
Z. mays subsp. amylacea	381124
Z. mays subsp. ceratina	381124
Z. mays subsp. everta	381124
Z. mays subsp. indurata	381124
Z. mays subsp. mays	381124
Z. mays subsp. ramosa	381124
Z. mays subsp. sacharata	381124
Z. mays subsp. tunicata	381124
Z. ramosa	381124
Z.mauritiana	157914
Z.mays subsp. amylacea	381124
Z.mays subsp. ceratina	381124
Z.mays subsp. everta	381124
Z.mays subsp. indurata	381124
Z.mays subsp. mays	381124
Z.mays subsp. ramosa	381124
Z.mays subsp. sacharata	381124
Z.mays subsp. tunicata	381124
Z.ramosa	381124
Zea mays subsp. amylacea	381124
Zea mays subsp. ceratina	381124
Zea mays subsp. everta	381124
Zea mays subsp. indurata	381124
Zea mays subsp. mays	381124
Zea mays subsp. ramosa	381124
Zea mays subsp. ramosa Gernert	381124
Zea mays subsp. sacharata	381124
Zea mays subsp. tunicata	381124
Zea mays subsp. tunicata Sturtev.	381124
Zea ramosa	381124
Zebra danio	7955
Zebra danios	7955
Zebra fish	7955
Zebra fishs	7955
Zebrafish	7955
Zebrafishs	7955
Zitter rats	10116
Ziziphus mauritiana	157914
Ziziphus mauritiana Lam.	157914
Zizyphus mauritiana	157914
