Abdomen	TS-0001
Abdominal adipose tissue	TS-0002
Abdominal epidermis	TS-0003
Abdominal flexor muscle	TS-0004
Abdominal ganglia	TS-0005
Abdominal ganglion	TS-0005
Abdominal muscle	TS-0006
Abdominal nerve cord	TS-0007
Abdominal perisympathetic organs	TS-0008
Abomasum	TS-0009
Abscission zone	TS-0010
Adductor muscle	TS-0011
Adenogastric carcinoma	TS-0398
Adenohypophysis	TS-0794
Adipocyte	TS-0012
Adipocytes	TS-0012
Adipose	TS-0013
Adipose tissue	TS-0013
Adnexa of skin	TS-0051
Adrenal	TS-0016
Adrenal chromaffin	TS-0014
Adrenal cortex	TS-0015
Adrenal cortex cell	TS-1235
Adrenal gland	TS-0016
Adrenal gland cortex	TS-0015
Adrenal gland cortex cell	TS-1235
Adrenal gland cortical cell	TS-1235
Adrenal gland cortical cells	TS-1235
Adrenal glomerulosa	TS-0017
Adrenal medulla	TS-0018
Adrenal tumor	TS-0019
Adrenal tumour	TS-0019
Adrenocortical	TS-0015
Adult leaf	TS-0424
Aerial part	TS-0020
Aerial root	TS-0021
Aerial tissue	TS-0020
Aerial tuber	TS-0022
Agregated lymphatic nodule	TS-0780
Air root	TS-0021
Airway epithelial cell	TS-0023
Airway epithelium	TS-0023
Airway smooth muscle	TS-0024
Albedo	TS-0025
Albumen gland	TS-0026
Aleurone	TS-0027
Aleurone layer	TS-0027
Alimentary system	TS-1293
Alkaline gland	TS-0028
Allantoic fluid	TS-0029
Alveolar cells	TS-0031
Alveolar macrophage	TS-0030
Alveoli	TS-0031
Alveolus	TS-0031
Ameloblast	TS-0032
Amnion	TS-0033
Amnionic/chorionic membrane	TS-0141
Amniotic fluid	TS-0034
Amniotic membrane	TS-0035
Ampulla	TS-0036
Amygdala	TS-0037
Anal region	TS-1294
Anal sac	TS-0038
Androgenic gland	TS-0039
Angioblast	TS-1204
Animal cap	TS-1173
Animal hemisphere	TS-1173
Antenna	TS-0040
Antennal lobe	TS-1327
Anterior byssus retractor muscle	TS-0041
Anterior latissimus dorsi muscle	TS-0042
Anterior lobe of hypophysis	TS-0794
Anterior pituitary	TS-0794
Anterior pituitary gland	TS-0794
Anterior pituitary gland tumor	TS-0793
Anterior pituitary tumor	TS-0793
Anterior silk gland	TS-1162
Anterior silkgland	TS-1162
Anterior ventral cochlear nucleus	TS-1187
Anther	TS-0043
Anther tapetum	TS-0044
Antler	TS-0045
Antral mucosa	TS-0404
Antrum	TS-0399
Aorta	TS-0046
Aortic	TS-0046
Aortic endothelial cell	TS-0047
Aortic endothelium	TS-0047
Aortic smooth muscle	TS-0048
Aortic vascular smooth muscle	TS-0048
Apical bud	TS-0049
Apical shoot	TS-0927
Apices	TS-0050
Appendix	TS-1267
Appendix glandular cell	TS-1271
Appendix glandular cells	TS-1271
Appendix lymphoid	TS-1268
Appendix lymphoid tissue	TS-1268
Appendix lymphoreticular system	TS-1268
Arachnoid	TS-0052
Arachnoid mater	TS-0052
Arachnoid membrane	TS-0052
Arbuscular mycorrhiza	TS-0053
Arterial	TS-0054
Arterial smooth muscle	TS-1198
Artery	TS-0054
Artery smooth muscle	TS-1198
Articular cartilage	TS-0055
Articular chondrocyte	TS-0056
Ascending colon	TS-0057
Ascites	TS-0058
Ascites tumor	TS-0059
Ascitic tumor	TS-0059
Ascitic tumour	TS-0059
ASG	TS-1162
Astrocyte	TS-0060
Astrocytoma	TS-0061
Astroglia	TS-0060
Asynchronous muscle	TS-0062
Atria	TS-0437
Atrial	TS-0437
Atrial gland	TS-0063
Atrial tumor	TS-0064
Atrial tumour	TS-0064
Atrium	TS-0437
Auditory ganglia	TS-0065
Auditory ganglion	TS-0065
AVCN	TS-1187
Axillary bud	TS-0066
B cell	TS-0068
B lymphocyte	TS-0068
B-cell	TS-0068
B-cell lymphoma	TS-0067
B-lymphocyte	TS-0068
B1 motor neuron	TS-1189
B2 motor neuron	TS-1190
Bag cell	TS-0069
Barbel	TS-0070
Bark	TS-0071
Basal ganglia	TS-1149
Basal ganglion	TS-1149
Basal nuclei	TS-1149
Basal nucleus	TS-1149
Basilar papilla	TS-0072
Basophil	TS-0073
Basophilic granulocyte	TS-0073
Bean-shaped accessory gland	TS-0074
Berry	TS-0392
Bile	TS-1172
Bile duct	TS-0075
Bile duct cells	TS-0075
Biliary duct	TS-0075
Bladder	TS-1090
Blast cell	TS-0581
Blastema	TS-0855
Blastemal	TS-0855
Blastocyst	TS-0076
Blastopore lip	TS-0077
Blastula	TS-0078
Blind intestine	TS-0122
Blindgut	TS-0122
Blood	TS-0079
Blood plasma	TS-0800
Blood platelet	TS-0803
Blood serum	TS-0923
Blood vessel	TS-0080
Bloodstream	TS-0771
Blubber	TS-0081
Body wall	TS-0082
Body wall muscle	TS-0083
Body-wall muscle	TS-0083
Bone	TS-0088
Bone marrow	TS-0087
Bone marrow hematopoietic cell	TS-1243
Bone marrow hematopoietic stem cell	TS-1243
Bone marrow macrophage	TS-0084
Bone marrow poietic cells	TS-1243
Bone marrow stroma	TS-0085
Bone marrow tumor	TS-0086
Bone marrow tumour	TS-0086
Bones	TS-0088
Bowel	TS-0490
Bowman gland	TS-0089
Bowman's gland	TS-0089
Bradyzoite	TS-1333
Brain	TS-0095
Brain astrocyte	TS-0060
Brain astrocytoma	TS-0061
Brain capillary	TS-0090
Brain cortex	TS-0091
Brain cortex glial cell	TS-1256
Brain cortex glial cells	TS-1256
Brain cortex neuron	TS-1259
Brain endothelial cell	TS-0092
Brain endothelium	TS-0092
Brain frontal cortex	TS-0389
Brain frontal lobe	TS-0389
Brain hippocampus	TS-0460
Brain occipital cortex	TS-0693
Brain occipital lobe	TS-0693
Brain parietal cortex	TS-0747
Brain parietal lobe	TS-0747
Brain stem	TS-0093
Brain striatum	TS-0183
Brain temporal cortex	TS-1020
Brain temporal lobe	TS-1020
Brain tumor	TS-0094
Brain tumour	TS-0094
Brain ventricle	TS-1295
Brainstem	TS-0093
Branchia	TS-0096
Branchial arch region	TS-0097
Branchial gland	TS-0098
Breast	TS-0595
Breast adenocarcinoma	TS-0592
Breast cancer	TS-0591
Breast carcinoma	TS-0592
Breast glandular cell	TS-1272
Breast glandular cells	TS-1272
Breast malignant tumor	TS-0591
Breast tumor	TS-0597
Breastbone	TS-0972
Bristle	TS-1176
Bronchi	TS-1229
Bronchial epithelial cell	TS-1240
Bronchial epithelium cell	TS-1240
Bronchiolar epithelial cell	TS-0570
Bronchoalveolar system	TS-1296
Bronchus	TS-1229
Bronchus epithelial cell	TS-1240
Bronchus respiratory epithelial cells	TS-1240
Brown adipocyte	TS-0099
Brown adipose tissue	TS-0099
Brown fat cell	TS-0099
Buccal ganglia	TS-0100
Buccal ganglion	TS-0100
Buccal muscle	TS-0101
Bulb	TS-0102
Bulbourethral gland	TS-0103
Bundle sheath cell	TS-0104
Bundle sheath strand	TS-0105
Bursa	TS-0106
Bursa of Fabricius	TS-0106
Caeca	TS-0122
Caecal appendix	TS-1267
Caecal appendix glandular cell	TS-1271
Caecum	TS-0122
Cajal-Retzius cell	TS-1171
Caliculus gustatorius	TS-1015
Calli	TS-0107
Callus	TS-0107
Callus tissue	TS-0107
Calvaria	TS-0108
Cambium	TS-0109
Cancellated bone	TS-0110
Cancellous bone	TS-0110
Cap	TS-0111
Capillary endothelial cell	TS-0112
Capillary endothelium	TS-0112
Carapace cuticle	TS-0113
Carcinoma	TS-0114
Cardiac	TS-0445
Cardiac atrium	TS-0437
Cardiac cell	TS-0115
Cardiac left atrium	TS-0438
Cardiac muscle	TS-0440
Cardiac muscle cell	TS-0115
Cardiac myocyte	TS-0115
Cardiac right atrium	TS-0442
Cardiac tissue	TS-0445
Cardiac ventricular muscle	TS-0444
Cardiomyocyte	TS-0115
Cardiovascular system	TS-1297
Carotid artery	TS-0116
Carpel	TS-0117
Cartilage	TS-0118
Cartilage chondrocyte	TS-0119
Catch muscle	TS-0011
Caudal fin	TS-0120
Caudal ganglion of vagus nerve	TS-0689
Caudate	TS-0121
Caudate nucleus	TS-0121
CC	TS-0178
Ceca	TS-0122
Cecal appendix	TS-1267
Cecal appendix glandular cell	TS-1271
Cecum	TS-0122
Celiac ganglia	TS-0153
Celiac ganglion	TS-0153
Cells in endometrial stroma	TS-1266
Cement gland	TS-0123
Cementoblast	TS-1164
Central ganglia	TS-0124
Central ganglion	TS-0124
Central nervous system	TS-0150
Cerebellar	TS-0125
Cerebellar cortex	TS-0091
Cerebellar cortex glial cell	TS-1256
Cerebellar cortex neural cell	TS-1259
Cerebellar Purkinje cell	TS-0845
Cerebellar Purkinje neuron	TS-0845
Cerebellum	TS-0125
Cerebellum cells in granular layer	TS-1247
Cerebellum cells in molecular layer	TS-1248
Cerebellum cortex	TS-0091
Cerebellum cortex glial cell	TS-1256
Cerebellum cortex neural cell	TS-1259
Cerebellum granular layer	TS-1247
Cerebellum molecular layer	TS-1248
Cerebral	TS-0095
Cerebral artery	TS-0126
Cerebral cortex	TS-0091
Cerebral cortex glial cell	TS-1256
Cerebral cortex glial cells	TS-1256
Cerebral cortex neural cell	TS-1259
Cerebral ganglia	TS-0127
Cerebral ganglion	TS-0127
Cerebral pedal	TS-0128
Cerebral spinal fluid	TS-0130
Cerebral vascular smooth muscle	TS-0129
Cerebromicrovascular endothelial cell	TS-0092
Cerebromicrovascular endothelium	TS-0092
Cerebrospinal fluid	TS-0130
Cerebrum	TS-0095
Cerebrum cortex	TS-0091
Cerebrum cortex glial cell	TS-1256
Cerebrum cortex neural cell	TS-1259
Cervical adenocarcinoma	TS-0135
Cervical cancer	TS-1221
Cervical carcinoma	TS-0136
Cervical epithelial cell	TS-0137
Cervical epithelium	TS-0137
Cervical ganglia	TS-0132
Cervical ganglion	TS-0132
Cervical malignant tumor	TS-1221
Cervical malignant tumour	TS-1221
Cervicothoracic ganglion	TS-0133
Cervix	TS-0134
Cervix adenocarcinoma	TS-0135
Cervix cancer	TS-1221
Cervix carcinoma	TS-0136
Cervix epithelial cell	TS-0137
Cervix epithelium	TS-0137
Cervix glandular cell	TS-1273
Cervix malignant tumor	TS-1221
Cervix malignant tumour	TS-1221
Cervix squamous cell	TS-1251
Cervix squamous epithelial cell	TS-1251
Cervix, uterine	TS-0134
Cervix, uterine glandular cell	TS-1273
Cervix, uterine glandular cells	TS-1273
Cervix, uterine squamous epithelial cells	TS-1251
CGS	TS-1214
CHO	TS-0725
Chondrocyte	TS-0138
Chondrocytes	TS-0138
Chondrosarcoma	TS-0139
Chondrosarcoma tumor	TS-0139
Chorioallantoic membrane	TS-0140
Chorioamniotic membrane	TS-0141
Choriocarcinoma	TS-0142
Choriocarcinoma cell	TS-0142
Choriogenic follicle	TS-0143
Choriogenic follicular cell	TS-0143
Chorionic membrane	TS-0144
Choroid plexus	TS-0145
Chromaffin cell	TS-0146
Chromaffin granule	TS-0146
Chronic myeloid leukaemia cell	TS-0147
Chronic myeloid leukemia cell	TS-0147
Ciliary body	TS-0694
Ciliary body epithelial cell	TS-0695
Ciliary ganglia	TS-1135
Ciliary ganglion	TS-1135
Circular muscle of iris	TS-0492
Circulating blood	TS-0771
Circumesophageal ganglia	TS-0148
Circumesophageal ganglion	TS-0148
Circumoesophageal ganglia	TS-0148
Circumoesophageal ganglion	TS-0148
Circumvallate papilla	TS-0149
Circumvallate papillae	TS-0149
CML cell	TS-0147
Cnidoblast	TS-0666
CNS	TS-0150
Coagulating gland	TS-1213
Coagulating gland secretion	TS-1214
Cochlea	TS-0151
Cochlear duct	TS-0152
Cochlear ganglion	TS-0065
Cochlear nuclei	TS-1187
Cochlear nucleus	TS-1187
Cochlear organ	TS-0151
Cochlear scala media	TS-0152
Coeliac ganglia	TS-0153
Coeliac ganglion	TS-0153
Coelomic fluid	TS-0154
Coelomocyte	TS-0155
Coleoptile	TS-0156
Coleoptile tissue	TS-0156
Collar	TS-0157
Colliculi	TS-0179
Colon	TS-0158
Colon adenocarcinoma	TS-0159
Colon cancer	TS-0160
Colon carcinoma	TS-0161
Colon endothelial cell	TS-0162
Colon endothelium	TS-0162
Colon epithelial cell	TS-0163
Colon epithelium	TS-0163
Colon glandular cell	TS-1274
Colon glandular cells	TS-1274
Colon malignant tumor	TS-0160
Colon mucosa	TS-0164
Colon smooth muscle	TS-0165
Colon tumor	TS-0166
Colon tumour	TS-0166
Colonic adenocarcinoma	TS-0159
Colonic endothelial cell	TS-0162
Colonic endothelium	TS-0162
Colonic epithelial cell	TS-0163
Colonic epithelium	TS-0163
Colonic mucosa	TS-0164
Colonic smooth muscle	TS-0165
Colonic tumor	TS-0166
Colonic tumour	TS-0166
Colorectal	TS-1298
Colorectal adenocarcinoma	TS-0159
Colorectal cancer	TS-0160
Colorectal carcinoma	TS-0161
Colorectal endothelial cell	TS-0162
Colorectal endothelium	TS-0162
Colorectal epithelial cell	TS-0163
Colorectal epithelium	TS-0163
Colorectal malignant tumor	TS-0160
Colorectal mucosa	TS-0164
Colorectal smooth muscle	TS-0165
Colorectal tumor	TS-0166
Colorectal tumour	TS-0166
Colorectum	TS-1298
Colostrum	TS-0167
Colostrum corpuscles	TS-0167
Conceptus membrane	TS-0168
Concha of cranium	TS-0108
Cone	TS-0169
Conidia	TS-0170
Conidium	TS-0170
Corm	TS-1328
Cornea	TS-0171
Cornea endothelial cell	TS-0172
Cornea endothelium	TS-0172
Cornea epithelial cell	TS-0173
Cornea epithelium	TS-0173
Cornea stroma	TS-1138
Corneal endothelial cell	TS-0172
Corneal endothelium	TS-0172
Corneal epithelial cell	TS-0173
Corneal epithelium	TS-0173
Corneal fibroblast	TS-1159
Corneal stroma	TS-1138
Cornu luminal epithelial cell	TS-1100
Cornu luminal epithelium	TS-1100
Corolla	TS-0174
Coronary arterial endothelial cell	TS-0175
Coronary arterial endothelium	TS-0175
Coronary artery	TS-0176
Corpora allata	TS-0177
Corpora cardiaca	TS-0178
Corpora lutea	TS-0181
Corpora pedunculata	TS-1137
Corpora quadrigemina	TS-0179
Corpora spongiosa	TS-0182
Corpus callosum	TS-0180
Corpus cavernosum urethrae	TS-0182
Corpus luteum	TS-0181
Corpus Luysi	TS-1154
Corpus spongiosum	TS-0182
Corpus striatum	TS-0183
Corpus, uterine	TS-1265
Corpus, uterine glandular cell	TS-1287
Corpus, uterine glandular cells	TS-1287
Corpuscle	TS-0290
Corpusculum renale	TS-1317
Cortex	TS-0091
Cortex glial cell	TS-1256
Cortex neural cell	TS-1259
Cortex of adrenal gland	TS-0015
Cortex of suprarenal gland	TS-0015
Cortical cell of adrenal gland	TS-1235
Cotyledon	TS-0184
CR cell	TS-1171
Craniofacial	TS-0185
Cropsac	TS-0186
Crystalline style	TS-1208
CSF	TS-0130
Culm	TS-0187
Cultured protoplast	TS-0834
Cultured root	TS-0188
Cultured root cell	TS-0188
Cuticle	TS-0189
Cuticular epidermis	TS-0189
Cytolytic T lymphocyte	TS-0190
Cytolytic T-cell	TS-0190
Cytolytic T-lymphocyte	TS-0190
Cytotoxic T lymphocyte	TS-0190
Cytotoxic T-cell	TS-0190
Cytotoxic T-lymphocyte	TS-0190
Dander	TS-0191
Dart gland	TS-0192
DC2	TS-0801
DCN	TS-1187
Decidua	TS-0193
Dendritic cell	TS-0194
Dens molaris	TS-0637
Dental organ	TS-0271
Dental pulp	TS-0195
Dermal melanophore	TS-0196
Dermal papilla	TS-0431
Dermal papillae	TS-0431
Dermal system	TS-1299
Dermoid cancer	TS-0197
Diaphragm	TS-0198
Diaphragm muscle	TS-0198
Diencephalon	TS-0199
Digestive gland	TS-0200
Digestive juice	TS-0201
Digestive system	TS-1293
Digitiform gland	TS-0192
Distal colon	TS-0202
Distal colon epithelial cell	TS-0203
Distal colon epithelium	TS-0203
Distal colon mucosa	TS-1160
Distal nephron	TS-0204
Distal small intestine	TS-0205
Dormant root	TS-0206
Dorsal cochlear nucleus	TS-1187
Dorsal ganglionic sheath	TS-1197
Dorsal lip	TS-0207
Dorsal root ganglia	TS-0954
Dorsal root ganglion	TS-0954
Dorsal skin	TS-0208
Dorsal-abdominal integument	TS-0209
Dry seed	TS-0210
Ductless gland	TS-1300
Ductus ejaculatorius	TS-0211
Duodenal adenocarcinoma	TS-0212
Duodenal mucosa	TS-0213
Duodenum	TS-0214
Duodenum glandular cell	TS-1275
Duodenum glandular cells	TS-1275
Duodenum mucosa	TS-0213
Ear	TS-1165
Ear of corn	TS-0215
Ebner's gland	TS-1052
Ectocervix	TS-1098
Ectoderm	TS-0216
Ectomesenchyme	TS-1178
Ectoplacental cone	TS-0217
Egg	TS-0221
Egg jelly	TS-0218
Egg white	TS-0219
Egg yolk	TS-0220
Eggshell matrix	TS-0222
Ehrlich ascites tumor cell	TS-0223
Ejaculatory bulb	TS-0224
Electric lobe	TS-0225
Electric organ	TS-0226
Electromotor nucleus	TS-0227
Electroplax	TS-0228
Embryo	TS-0229
Embryoid bodies	TS-0230
Embryonal carcinoma	TS-0234
Embryonic	TS-0229
Embryonic brain	TS-0231
Embryonic breast	TS-0232
Embryonic callus	TS-0233
Embryonic carcinoma	TS-0234
Embryonic chondrocyte	TS-0235
Embryonic claw	TS-0236
Embryonic dorsal root ganglion	TS-0262
Embryonic ectoderm	TS-0216
Embryonic endoderm	TS-0273
Embryonic epithelium	TS-0237
Embryonic eye	TS-0238
Embryonic fibroblast	TS-0239
Embryonic floor plate	TS-0240
Embryonic foot	TS-0241
Embryonic ganglion	TS-0242
Embryonic germ cell	TS-0243
Embryonic gizzard	TS-0244
Embryonic gonad	TS-0245
Embryonic gut	TS-0248
Embryonic head	TS-0246
Embryonic heart	TS-0247
Embryonic intestinal tract	TS-0248
Embryonic intestine	TS-0248
Embryonic kidney	TS-0249
Embryonic lens	TS-0250
Embryonic limb	TS-0251
Embryonic limb bud	TS-0553
Embryonic liver	TS-0252
Embryonic lung	TS-0253
Embryonic lung fibroblast	TS-0254
Embryonic mesoderm	TS-0623
Embryonic muscle	TS-0255
Embryonic otocyst	TS-1192
Embryonic ovary	TS-0256
Embryonic pectoralis muscle	TS-0257
Embryonic retina	TS-0258
Embryonic rhabdomyosarcoma	TS-1139
Embryonic skeletal muscle	TS-0259
Embryonic skin	TS-0260
Embryonic spinal cord	TS-0261
Embryonic spinal ganglion	TS-0262
Embryonic spleen	TS-1338
Embryonic stem cell	TS-0263
Embryonic sternal cartilage	TS-0264
Embryonic stomach	TS-1152
Embryonic tail	TS-0265
Embryonic testis	TS-0266
Embryonic testis carcinoma	TS-0267
Embryonic thymus	TS-0268
Embryonic tissue	TS-0229
Embryonic tooth	TS-0269
Embryonic trophoblast	TS-1070
Embryonic Wolffian duct	TS-1124
Enamel cell	TS-0032
Enamel epithelial cell	TS-0270
Enamel epithelium	TS-0270
Enamel organ	TS-0271
Endocarp	TS-0272
Endocrine gland	TS-1300
Endocrine pancreas	TS-1302
Endocrine part of pancreas	TS-1302
Endocrine system	TS-1301
Endoderm	TS-0273
Endodermal sinus tumor	TS-1131
Endodyozoite	TS-1002
Endometrial	TS-0276
Endometrial adenocarcinoma	TS-0274
Endometrial cancer	TS-1222
Endometrial malignant tumor	TS-1222
Endometrial malignant tumour	TS-1222
Endometrial stroma	TS-1266
Endometrial stromal cell	TS-1266
Endometrial tumor	TS-0275
Endometrial tumour	TS-0275
Endometrium	TS-0276
Endometrium cancer	TS-1222
Endometrium malignant tumor	TS-1222
Endometrium malignant tumour	TS-1222
Endometrium stroma	TS-1266
Endometrium stromal cell	TS-1266
Endometrium tumor	TS-0275
Endosperm	TS-0277
Endothelial	TS-0278
Endothelial cell	TS-0278
Endothelial cells	TS-0278
Endothelial progenitor cell	TS-1204
Endothelium	TS-0278
Endozoite	TS-1002
EOM	TS-0305
Eosinophil	TS-0279
Eosinophilic granulocyte	TS-0279
EPC	TS-1204
Ependymocyte	TS-0280
Epicarp	TS-0303
Epicotyl	TS-0281
Epiderm	TS-0283
Epidermal	TS-0283
Epidermal carcinoma	TS-0282
Epidermal cells	TS-0283
Epidermal keratinocyte	TS-0500
Epidermis	TS-0283
Epidermoid carcinoma	TS-0282
Epididymal	TS-0285
Epididymal fluid	TS-0284
Epididymal glandular cell	TS-1276
Epididymis	TS-0285
Epididymis glandular cell	TS-1276
Epididymis glandular cells	TS-1276
Epigonal organ	TS-0286
Epiphyseal cartilage	TS-0287
Epiphyseal plate	TS-0426
Epithelial	TS-0288
Epithelial cancer	TS-0114
Epithelial cell	TS-0288
Epithelium	TS-0288
Epithelium of esophagus	TS-0698
Epithelium of uterine tube	TS-1316
Erythroblast	TS-0289
Erythrocyte	TS-0290
Erythroid	TS-0291
Erythroid cell	TS-0291
Erythroid lineage cell	TS-0291
Erythroleukaemia	TS-0292
Erythroleukaemic	TS-0292
Erythroleukemia	TS-0292
Erythroleukemic	TS-0292
ES cell	TS-0263
Esophageal carcinoma	TS-0697
Esophageal epithelial cell	TS-0698
Esophageal epithelium	TS-0698
Esophageal fibroblast	TS-0699
Esophageal squamous cell	TS-1250
Esophageal squamous epithelium	TS-1314
Esophagus	TS-0700
Esophagus squamous cell	TS-1250
Esophagus squamous epithelial cell	TS-1250
Esophagus squamous epithelial cells	TS-1250
Esophagus tumor	TS-0697
Etiolated bud	TS-0293
Etiolated cotyledon	TS-0294
Etiolated epicotyl	TS-0295
Etiolated hypocotyl	TS-0296
Etiolated leaf	TS-0297
Etiolated plantlet	TS-0298
Etiolated root	TS-0299
Etiolated seedling	TS-0300
Etiolated shoot	TS-0301
Ewing sarcoma	TS-0302
Ewing's	TS-0302
Ewing's sarcoma	TS-0302
Exocarp	TS-0303
Exocrine pancreas	TS-1241
Exocrine part of pancreas	TS-1241
Extraembryonic tissue	TS-0304
Extraocular muscle	TS-0305
Extrapallial fluid	TS-0306
Eye	TS-0309
Eye antennal disc	TS-0310
Eye disc	TS-0307
Eye disk	TS-0307
Eye imaginal disc	TS-0307
Eye imaginal disk	TS-0307
Eye lens	TS-0545
Eye stalk	TS-0311
Eye trabeculum	TS-1058
Eye vitreous humor	TS-0308
Eye-antennal disk	TS-0310
Eye-antennal imaginal disk	TS-0310
Eyeball	TS-0309
Eyestalk	TS-0311
Fallopian tube	TS-0732
Fallopian tube glandular cell	TS-1277
Fallopian tube glandular cells	TS-1277
Fast muscle	TS-0314
Fast skeletal muscle	TS-0314
Fast swimbladder muscle	TS-0313
Fast-twitch skeletal muscle	TS-0314
Fat	TS-0013
Fat body	TS-0315
Fat cell	TS-0013
Fat-body cell	TS-0315
Feather	TS-0316
Feather calamus	TS-0317
Feather root	TS-0318
Female accessory gland	TS-0319
Female cone	TS-0320
Female reproductive system	TS-1303
Femoral artery	TS-0321
Femoral bone	TS-0322
Femur	TS-0322
Fetal	TS-0360
Fetal adrenal gland	TS-0323
Fetal adrenal tissue	TS-0323
Fetal aorta	TS-0324
Fetal ascending colon	TS-1148
Fetal astrocyte	TS-0325
Fetal B cell	TS-0326
Fetal B lymphocyte	TS-0326
Fetal B-cell	TS-0326
Fetal B-lymphocyte	TS-0326
Fetal blood	TS-0327
Fetal blood serum	TS-0350
Fetal brain	TS-0328
Fetal brain cortex	TS-1211
Fetal breastbone	TS-0356
Fetal cartilage	TS-0329
Fetal cerebellar cortex	TS-1211
Fetal cerebellum	TS-0330
Fetal cerebellum cortex	TS-1211
Fetal cerebral cortex	TS-1211
Fetal cerebrum cortex	TS-1211
Fetal colon	TS-0331
Fetal cortex	TS-1211
Fetal cotyledon	TS-0332
Fetal epiphyseal cartilage	TS-0333
Fetal esophagus	TS-1185
Fetal eye	TS-0334
Fetal fibroblast	TS-0335
Fetal forelimb	TS-1161
Fetal gaster	TS-1203
Fetal gastric tissue	TS-1203
Fetal gonad	TS-0336
Fetal gut	TS-0339
Fetal head	TS-0337
Fetal heart	TS-0338
Fetal intestine	TS-0339
Fetal jaw	TS-0340
Fetal keratinocyte	TS-0341
Fetal kidney	TS-0342
Fetal limb	TS-0343
Fetal liver	TS-0344
Fetal lung	TS-0345
Fetal lung fibroblast	TS-0346
Fetal medulla	TS-1156
Fetal muscle	TS-0347
Fetal oesophagus	TS-1185
Fetal pallium	TS-1211
Fetal pancreas	TS-0348
Fetal pons	TS-1144
Fetal retina	TS-0349
Fetal serum	TS-0350
Fetal skeletal muscle	TS-0351
Fetal skin	TS-0352
Fetal smooth muscle	TS-0353
Fetal spinal column	TS-0354
Fetal spinal cord	TS-0354
Fetal spleen	TS-0355
Fetal sternum	TS-0356
Fetal stomach	TS-1203
Fetal testis	TS-0357
Fetal thymocyte	TS-0358
Fetal thymus	TS-0359
Fetus	TS-0360
Fiber	TS-0361
Fibroblast	TS-0362
Fibroblasts	TS-0362
Fibroma	TS-0363
Fibrosarcoma	TS-0364
Fibrotic liver	TS-0365
Fifth instar larvae	TS-0366
Fifth instar larvae cuticle	TS-1151
Fifth instar larvae cuticular epidermis	TS-1151
Filter chamber	TS-0367
First milk	TS-0167
Flank organ	TS-0368
Flavedo	TS-0369
Flight muscle	TS-0370
Floral	TS-0374
Floral bud	TS-0372
Floral meristem	TS-0373
Floral tissue	TS-0374
Floret	TS-0371
Flower	TS-0374
Flower bud	TS-0372
Flower corolla	TS-0174
Flower meristem	TS-0373
Flower perianth	TS-0759
Flower petal	TS-0778
Flower pistil	TS-0790
Flower tepal	TS-1024
Foam nest	TS-1200
Foetal brain	TS-0328
Foetal cerebellar cortex	TS-1211
Foetal cerebellum cortex	TS-1211
Foetal cerebral cortex	TS-1211
Foetal cerebrum cortex	TS-1211
Foetal cortex	TS-1211
Foetal pallium	TS-1211
Foetus	TS-0360
Foliage	TS-0540
Foliate papilla	TS-0375
Foliate papillae	TS-0375
Follicle of hair	TS-0432
Follicle of ovary	TS-0726
Follicular cell	TS-0376
Foot	TS-0377
Foot muscle	TS-0378
Foot sole tissue	TS-0379
Forebrain	TS-0380
Forebrain cortex	TS-0381
Forekidney	TS-1206
Forelimb	TS-0382
Forelimb regeneration blastema	TS-0856
Foreskin	TS-0383
Foreskin fibroblast	TS-0384
Foreskin keratinocyte	TS-0385
Forestomach	TS-0835
Foveolar epithelial cell	TS-0386
Foveolar epithelium	TS-0386
Frond	TS-0387
Frond tip	TS-0388
Frontal cortex	TS-0389
Frontal lobe	TS-0389
Fruit	TS-0392
Fruit cortical tissue	TS-0390
Fruit endocarp	TS-0272
Fruit exocarp	TS-0303
Fruit flesh	TS-0391
Fruit mesocarp	TS-0621
Fruit mesosperm	TS-0621
Fruit peel	TS-0755
Fruit pericarp	TS-0762
Fruit pulp	TS-0391
Fruiting body	TS-0393
Gall	TS-1172
Gall bladder	TS-0394
Gall bladder glandular cell	TS-1278
Gall bladder glandular cells	TS-1278
Gall bladder wall	TS-1304
Gall duct	TS-0075
Gallbladder	TS-0394
Gallbladder glandular cell	TS-1278
Gallbladder wall	TS-1304
Gametangia	TS-1215
Gametangium	TS-1215
Gamete	TS-0395
Gametophyte	TS-0396
Ganglia	TS-0397
Ganglion	TS-0397
Gaster	TS-0980
Gaster glandular cell	TS-1284
Gastric adenocarcinoma	TS-0398
Gastric antral mucosa	TS-0404
Gastric antrum	TS-0399
Gastric body	TS-0401
Gastric cancer	TS-0978
Gastric carcinoma	TS-0400
Gastric corpus	TS-0401
Gastric fundic mucosa	TS-0402
Gastric fundus	TS-0403
Gastric malignant tumor	TS-0978
Gastric mucosa	TS-0404
Gastric parietal cell	TS-0405
Gastric tissue	TS-0980
Gastric tissue glandular cell	TS-1284
Gastro-intestinal system	TS-0407
Gastrocnemius	TS-0406
Gastrointestinal system	TS-0407
Gastrointestinal tract	TS-0407
Gastrointestinal tract epithelial cell	TS-0408
Gastrointestinal tract epithelium	TS-0408
Gastrula	TS-1143
Gemma gustatoria	TS-1015
Germ	TS-0410
Germ cell	TS-0411
Germinal centre	TS-1269
Germinal epithelial cell	TS-0920
Germinal epithelium	TS-0920
Giant cell tumor of bone	TS-0722
Gill	TS-0412
Gizzard	TS-0413
Gizzard smooth muscle	TS-0414
Gland	TS-1305
Glandula vesicularis	TS-0919
Glandula vesiculosa	TS-0919
Glia	TS-0415
Glial	TS-0415
Glial cell	TS-0415
Glial tumor	TS-0416
Glial tumour	TS-0416
Glioblastoma	TS-0417
Gliocytoma	TS-0416
Glioma	TS-0416
Glioma cell	TS-0416
Glomerular tuft	TS-0862
Glomerus	TS-0862
Glucagonoma	TS-0418
Glucagonoma tumor	TS-0418
Gonad	TS-0419
Graafian follicle	TS-0726
Grain	TS-0420
Granular dorsal gland	TS-0421
Granules of Langerhans	TS-0741
Granulocyte	TS-0422
Granuloma	TS-0423
Grawitz tumor	TS-0859
Green leaf	TS-0424
Green siliques	TS-0425
Growth plate	TS-0426
Gustatory bud	TS-1015
Gut	TS-0427
Gut juice	TS-0428
Gynoecia	TS-0429
Gynoecium	TS-0429
Haemangioendothelioma	TS-0447
Haematopoietic	TS-0449
Haematopoietic stem cel	TS-0448
Haemocyte	TS-0450
Haemolymph	TS-0451
Hair	TS-0430
Hair bulb	TS-0433
Hair dandruff	TS-0191
Hair follicle	TS-0432
Hair follicle dermal papilla	TS-0431
Hair follicle dermal papillae	TS-0431
Hair root	TS-0433
Harderian gland	TS-0434
Haustoria	TS-0435
Haustorium	TS-0435
HE	TS-0447
Head	TS-0436
Head and neck cancer	TS-1232
Head and neck malignant tumor	TS-1232
Head and neck malignant tumour	TS-1232
Head kidney	TS-1206
Heart	TS-0445
Heart atria	TS-0437
Heart atrium	TS-0437
Heart left atria	TS-0438
Heart left atrium	TS-0438
Heart left ventricle	TS-0439
Heart left ventricular muscle	TS-0439
Heart muscle	TS-0440
Heart muscle cell	TS-0115
Heart muscle myocyte	TS-0115
Heart muscle myocytes	TS-0115
Heart Purkinje fiber	TS-0441
Heart right atria	TS-0442
Heart right atrium	TS-0442
Heart right ventricle	TS-0443
Heart right ventricular muscle	TS-0443
Heart ventrical	TS-0444
Heart ventricle	TS-0444
Heart ventricular muscle	TS-0444
Heater cells	TS-0446
Heating tissue	TS-0446
Hela	TS-0136
Hela cells	TS-0136
Helper induced T lymphocyte	TS-1146
Helper induced T-lymphocyte	TS-1146
Helper T lymphocyte	TS-1146
Helper T-cell	TS-1146
Helper T-lymphocyte	TS-1146
Hemangioendothelioma	TS-0447
Hematopoietic	TS-0449
Hematopoietic stem cell	TS-0448
Hemocyte	TS-0450
Hemolymph	TS-0451
Hensens node	TS-1188
Hepatic	TS-0564
Hepatic cancer	TS-0559
Hepatic stellate cell	TS-0452
Hepato-pancreas	TS-0456
Hepatoblastoma	TS-0453
Hepatocarcinoma	TS-0455
Hepatocellular carcinoma	TS-0455
Hepatocyte	TS-0454
Hepatocytes	TS-0454
Hepatoma	TS-0455
Hepatopancreas	TS-0456
Hind leg	TS-1170
Hind limb	TS-1170
Hindbrain	TS-0457
Hindfoot	TS-0458
Hindgut	TS-0459
Hippocampal glial cell	TS-1257
Hippocampus	TS-0460
Hippocampus glial cell	TS-1257
Hippocampus glial cells	TS-1257
Hippocampus neural cell	TS-1260
Hippocampus neuron	TS-1260
Hippocampus neuronal cell	TS-1260
Hippocampus neuronal cells	TS-1260
Histiocytic lymphoma	TS-0461
Horny layers	TS-0981
Husk	TS-0462
Hybridoma	TS-0463
Hypernephroma	TS-0859
Hyphae	TS-0464
Hypoblast	TS-0465
Hypocotyl	TS-0466
Hypoglossal nuclei	TS-0467
Hypoglossal nucleus	TS-0467
Hypopharyngeal gland	TS-0468
Hypophyseal pars tuberalis	TS-0796
Hypophysis	TS-0798
Hypothalamic	TS-0469
Hypothalamus	TS-0469
Ilea	TS-0472
Ileal	TS-0472
Ileal mucosa	TS-0470
Ileal villus	TS-0471
Ileum	TS-0472
Imaginal disc	TS-0473
Imaginal disk	TS-0473
Immature flower	TS-0474
Immature kernel	TS-0475
Immature seed	TS-0476
Incisor	TS-0477
Inferior ganglion of vagus nerve	TS-0689
Inflorescence	TS-0374
Inflorescence	TS-0743
Inflorescence bract of ear	TS-0462
Inflorescence meristem	TS-0373
Inflorescense	TS-0374
Ink	TS-1210
Ink gland	TS-1336
Inner ear	TS-0478
Inner ear vestibule	TS-0479
Inner medulla of kidney	TS-0506
Inner zone of renal medulla	TS-0506
Insulinoma	TS-0480
Insulinoma tumor	TS-0480
Integument	TS-0481
Interalveolar muscle	TS-0482
Interferon-producing cell	TS-0801
Intermediate pituitary	TS-0795
Internal ear	TS-0478
Internode	TS-0483
Interrenal gland	TS-0484
Intersegmental muscle	TS-0485
Interstitial cell	TS-1150
Interstitial cells of Leydig	TS-1150
Intestinal	TS-0490
Intestinal crypt	TS-0486
Intestinal epithelial cell	TS-0487
Intestinal epithelial lining	TS-0487
Intestinal epithelium	TS-0487
Intestinal epithelium lining	TS-0487
Intestinal gland	TS-0486
Intestinal ileum	TS-0472
Intestinal mucosa	TS-0488
Intestinal smooth muscle	TS-0489
Intestine	TS-0490
Intestinum caecum	TS-0122
IPC	TS-0801
Iris	TS-0491
Iris sphincter muscle	TS-0492
Island of Langerhans	TS-0741
Islet of Langerhans	TS-0741
Islets of Langerhans	TS-0741
Ito cell	TS-0452
Jacobson's organ	TS-1141
Jaw	TS-0493
Jejunal epithelial cell	TS-0494
Jejunal epithelium	TS-0494
Jejunal mucosa	TS-0495
Jejunal smooth muscle	TS-1216
Jejunum	TS-0496
Joint cartilage	TS-0055
Jugular vein	TS-0497
Jugular vein endothelial cell	TS-0498
Juice sac	TS-0499
Juice tissue	TS-0499
Keratinocyte	TS-0500
Kernel	TS-0501
Kidney	TS-0510
Kidney adenocarcinoma	TS-0502
Kidney cancer	TS-1225
Kidney cells in glomeruli	TS-0862
Kidney cells in tubules	TS-1262
Kidney cortex	TS-0503
Kidney cortex collecting duct	TS-0860
Kidney distal convoluted tubule	TS-0504
Kidney distal tubule	TS-0504
Kidney epithelial cell	TS-0505
Kidney epithelium	TS-0505
Kidney glomeruli cell	TS-0862
Kidney glomeruli cells	TS-0862
Kidney glomerulus cell	TS-0862
Kidney inner medulla	TS-0506
Kidney malignant tumor	TS-1225
Kidney malignant tumour	TS-1225
Kidney marrow	TS-0507
Kidney medulla	TS-1157
Kidney outer medulla	TS-0508
Kidney proximal tubule	TS-0509
Kidney tubule	TS-1262
Labial palp	TS-0511
Labyrinth	TS-0478
Lacrimal gland	TS-0512
Lactating mammary gland	TS-0513
Lamina	TS-0514
Lantern	TS-0515
Large bowel	TS-1306
Large intestine	TS-1306
Larva	TS-0516
Larvae	TS-0516
Larval brain	TS-0517
Larval bristle	TS-1184
Larval CNS	TS-0518
Larval epidermis	TS-0519
Larval eye	TS-1193
Larval fat body	TS-0520
Larval gut	TS-0521
Larval haemolymph	TS-0522
Larval hemolymph	TS-0522
Larval liver	TS-0523
Larval mid-gut	TS-0524
Larval midgut	TS-0524
Larval peritrophic membrane	TS-0525
Larval plasma	TS-0526
Larval ring gland	TS-0527
Larval salivary gland	TS-0528
Laryngeal carcinoma	TS-0529
Laryngeal cartilage chondrocyte	TS-0530
Laryngeal muscle	TS-0531
Larynx	TS-0532
Lateral eye	TS-0533
Lateral ventricle	TS-1230
Lateral ventricle glial cell	TS-1258
Lateral ventricle glial cells	TS-1258
Lateral ventricle neural cell	TS-1261
Lateral ventricle neuron	TS-1261
Lateral ventricle neuronal cell	TS-1261
Lateral ventricle neuronal cells	TS-1261
Latex	TS-0534
Laticifer	TS-0535
Leaf	TS-0540
Leaf blade	TS-0536
Leaf collar	TS-0157
Leaf gel	TS-0537
Leaf lamina	TS-0536
Leaf meristem	TS-0538
Leaf mesophyll	TS-0539
Leaf primordium	TS-0538
Leaf whorl	TS-0884
Leaves	TS-0540
Left atria	TS-0438
Left atrium	TS-0438
Left ventricle	TS-0439
Left ventricular cardiac muscle	TS-0439
Leiomyosarcoma	TS-0541
Lens	TS-0545
Lens cortex	TS-0542
Lens epithelial cell	TS-0543
Lens epithelium	TS-0543
Lens fibers	TS-0544
Leptomeninges	TS-0546
Leucocyte	TS-0549
Leukaemia	TS-0547
Leukaemic T lymphocyte	TS-0548
Leukaemic T-cell	TS-0548
Leukaemic T-lymphocyte	TS-0548
Leukemia	TS-0547
Leukemia cell	TS-0547
Leukemic T lymphocyte	TS-0548
Leukemic T-cell	TS-0548
Leukemic T-lymphocyte	TS-0548
Leukocyte	TS-0549
Leydig cell	TS-1150
Leydig cells	TS-1150
Ligamentum nuchae	TS-0691
Light green cell	TS-0551
Light organ	TS-0550
Light-green cell	TS-0551
Limb	TS-0552
Limb blastema	TS-0857
Limb bud	TS-0553
Limb mesenchymal cell	TS-0554
Limb mesenchyme	TS-0554
Limbal epithelial cell	TS-0555
Limbal epithelium	TS-0555
Limbic system	TS-1307
Lingual epithelia	TS-1051
Lingual epithelial cell	TS-1051
Lingual epithelium	TS-1051
Lingual salivary gland	TS-0557
Lip	TS-0558
Liposarcoma	TS-1142
Liver	TS-0564
Liver and biliary system	TS-1308
Liver cancer	TS-0559
Liver epithelial cell	TS-0561
Liver epithelium	TS-0561
Liver malignant tumor	TS-0559
Liver malignant tumour	TS-0559
Liver parenchymal cell	TS-0454
Liver tumor	TS-0563
Liver tumour	TS-0563
Lobus electricus	TS-0225
Locus caeruleus	TS-0565
Locus ceruleus	TS-0565
Locus coeruleus	TS-0565
Longissimus dorsi muscle	TS-0566
Longissimus muscle	TS-0567
Lung	TS-0568
Lung adenocarcinoma	TS-0569
Lung alveolar cells	TS-0031
Lung cancer	TS-0571
Lung carcinoma	TS-0572
Lung endothelial cell	TS-0573
Lung endothelium	TS-0573
Lung epithelia	TS-0574
Lung epithelial cell	TS-0574
Lung epithelium	TS-0574
Lung fibroblast	TS-0575
Lung macrophage	TS-0576
Lung macrophages	TS-0576
Lung malignant tumor	TS-0571
Lung malignant tumour	TS-0571
Lung small cell carcinoma	TS-0572
Lung tumor	TS-0577
Lung tumour	TS-0577
Lupulin gland	TS-0578
Luys' body	TS-1154
Lymph	TS-0580
Lymph gland	TS-0579
Lymph gland lymphoid cell	TS-1289
Lymph node	TS-0579
Lymph node germinal center	TS-1269
Lymph node lymphoid cell	TS-1289
Lymph node reaction center	TS-1269
Lymph node reaction center cells	TS-1269
Lymphatic fluid	TS-0580
Lymphatic tissue	TS-0584
Lymphatic tissue epithelial cell	TS-1136
Lymphatic tissue epithelium	TS-1136
Lymphatic tumor	TS-0585
Lymphoblast	TS-0581
Lymphoblastoid	TS-0581
Lymphoblastoma	TS-0582
Lymphocyte	TS-0583
Lymphocytic	TS-0583
Lymphoid	TS-0584
Lymphoid cell	TS-1238
Lymphoid dendritic cell	TS-0801
Lymphoid epithelial cell	TS-1136
Lymphoid epithelium	TS-1136
Lymphoid tissue	TS-0584
Lymphoid tumor	TS-0585
Lymphoma	TS-0585
Lymphoreticular system	TS-0584
Lymphoreticular system	TS-1309
Lymphoreticular system epithelial cell	TS-1136
Lymphoreticular system epithelium	TS-1136
Lymphosarcoma	TS-0586
Macrophage	TS-0587
Male accessory gland	TS-0588
Male cone	TS-0589
Male gametophyte	TS-0810
Male reproductive system	TS-1310
Malignant carcinoid	TS-1233
Malignant giant cell tumor	TS-0722
Malignant glioma	TS-0416
Malignant lymphoma	TS-0585
Malignant melanoma	TS-0614
Malignant trophoblast	TS-0142
Malphigian corpuscle	TS-1317
Malphigian glomerulus	TS-0862
Malpighian tubule	TS-0590
Mammary	TS-0595
Mammary adenocarcinoma	TS-0592
Mammary cancer	TS-0591
Mammary carcinoma	TS-0592
Mammary epithelial cell	TS-0593
Mammary epithelium	TS-0593
Mammary fibroblast	TS-0594
Mammary gland	TS-0595
Mammary gland cancer	TS-0591
Mammary gland carcinoma	TS-0592
Mammary gland glandular cell	TS-1272
Mammary gland malignant tumor	TS-0591
Mammary gland tumor	TS-0597
Mammary glandular cell	TS-1272
Mammary tumor	TS-0597
Mammary tumour	TS-0597
Mandible	TS-0598
Mandibular condyle	TS-0599
Mandibular organ	TS-0598
Mantle	TS-0600
Mantle muscle	TS-0601
Marrow	TS-0087
Masseter muscle	TS-0602
Mast cell	TS-0603
Mast cell tumor	TS-0604
Mastocytoma	TS-0604
Mature leaf	TS-0540
Maxillary palp	TS-0605
Median ocelli	TS-0606
Median silk gland	TS-0632
Medulla oblongata	TS-0607
Medulloblastoma	TS-0608
Megagametophyte	TS-0609
Megakaryoblast	TS-0610
Megakaryocyte	TS-0611
Meiocyte	TS-0612
Melanocyte	TS-0613
Melanoma	TS-0614
Membranous cochlea	TS-0152
Meninges	TS-1177
Meningioma	TS-0615
Meningioma tissue	TS-0615
Meristem	TS-0616
Meristematic leaf	TS-0538
Meristematic tissue	TS-0616
Merozoite	TS-1334
Mesangial cell	TS-0617
Mesectoderm	TS-1178
Mesenchymal	TS-0620
Mesenchymal cell	TS-0620
Mesenchymal stem cell	TS-0618
Mesenchymal tumor	TS-0619
Mesenchymal tumour	TS-0619
Mesenchyme	TS-0620
Mesocarp	TS-0621
Mesocotyl	TS-0622
Mesoderm	TS-0623
Mesoglea	TS-1147
Mesogloea	TS-1147
Mesonephric duct	TS-1124
Mesonephros	TS-0624
Mesophyll	TS-0539
Mesophyll cell	TS-0625
Mesophyll protoplast	TS-0539
Mesothelium	TS-1183
Micelial	TS-0626
Microglia	TS-0627
Microglial cell	TS-0627
Microspore	TS-0628
Microtuber	TS-0629
Mid-brain	TS-0630
Mid-gut	TS-0635
Mid-gut endoderm	TS-0633
Midbrain	TS-0630
Middle ear mucosa	TS-0631
Middle silk gland	TS-0632
Middle silkgland	TS-0632
Midgut	TS-0635
Midgut endoderm	TS-0633
Midgut epithelium	TS-0634
Milk	TS-0636
Milt	TS-1179
Molar	TS-0637
Monoblast	TS-1195
Monocyte	TS-0638
Monocytic leukaemia	TS-0639
Monocytic leukemia	TS-0639
Morula	TS-0640
Mother of pearl	TS-1220
Mouth	TS-1315
MSG	TS-0632
Mucus cocoon	TS-0641
Muellerian duct	TS-1140
Muellerian gland	TS-1332
Mullerian duct	TS-1140
Mullerian gland	TS-1332
Multicuspid tooth	TS-0637
Muscle	TS-0642
Muscle fibroblast	TS-0643
Musculoskeletal system	TS-1311
Mushroom body	TS-1137
Mushroom cap	TS-0111
Muzzle epithelial cell	TS-0644
Muzzle epithelium	TS-0644
Mycelia	TS-0645
Mycelial	TS-0645
Mycelium	TS-0645
Mycorrhiza	TS-0646
Mycorrhizal root	TS-0646
Myeloid	TS-0647
Myeloid cell	TS-0647
Myeloid leukaemia cell	TS-0648
Myeloid leukemia	TS-0147
Myeloid leukemia cell	TS-0648
Myeloma	TS-0649
Myelomonocyte	TS-1181
Myoblast	TS-0650
Myocard	TS-0651
Myocardium	TS-0651
Myometrium	TS-0652
Myotomal muscle	TS-0653
Myotube	TS-0654
Nacre	TS-1220
Nasal cartilage	TS-0655
Nasal epithelial cell	TS-0656
Nasal epithelium	TS-0656
Nasal mucosa	TS-0657
Nasal mucus	TS-0658
Nasal polyp	TS-0659
Nasal vestibule	TS-0660
Nasopharyngeal carcinoma	TS-0661
Nasopharyngeal epithelial cell	TS-0662
Nasopharyngeal epithelium	TS-0662
Nasopharynx	TS-0663
Nasopharynx respiratory epithelial cells	TS-0662
Natural killer cell	TS-0664
Natural killer T cell	TS-0664
Needle	TS-0665
Nematoblast	TS-0666
Neonatal atria	TS-0669
Neonatal brain	TS-0667
Neonatal brain stem	TS-0668
Neonatal brainstem	TS-0668
Neonatal cardiac atrium	TS-0669
Neonatal heart atria	TS-0669
Neonatal heart atrium	TS-0669
Neonatal macrophage	TS-0670
Neonatal skin	TS-1191
Neonatal spleen	TS-0671
Nephroblastoma	TS-0859
Nephron	TS-1312
Nerve	TS-0672
Nerve cement	TS-0415
Nerve cord	TS-0673
Nerve ending	TS-0674
Nervous ganglion	TS-0677
Nervous system	TS-1313
Neural arch cartilage	TS-0675
Neural cell	TS-0683
Neural crest	TS-0676
Neural ectoderm	TS-1212
Neural ganglia	TS-0677
Neural ganglion	TS-0677
Neural plate	TS-0678
Neural retina	TS-0685
Neural stem cell	TS-0679
Neural tube	TS-0680
Neuroblastoma	TS-0681
Neuroectoderm	TS-1212
Neuroepithelioma	TS-1209
Neuroepithelium	TS-0682
Neuroglia	TS-0415
Neuroglia cell	TS-0415
Neuroglial cell	TS-0415
Neuroglioma	TS-0416
Neurohypophysis	TS-0815
Neuron	TS-0683
Neuronal cell	TS-0683
Neuropora cardiaca	TS-0684
Neuroretina	TS-0685
Neuroretinal cell	TS-0685
Neurosecretory cell	TS-0686
Neurospongioma	TS-0416
Neurula	TS-0687
Neutrophil	TS-0688
Neutrophilic granulocyte	TS-0688
NK lymphocyte	TS-0664
NKT cell	TS-0664
Nodose ganglia	TS-0689
Nodose ganglion	TS-0689
Nodule	TS-0880
Non-small cell lung carcinoma	TS-0572
Notochord	TS-0690
Nuchal ligament	TS-0691
Nucleated erythrocyte	TS-0692
Nucleus of the hypoglossal nerve	TS-0467
Occipital cortex	TS-0693
Occipital lobe	TS-0693
Ocular	TS-0309
Ocular ciliary body	TS-0694
Ocular ciliary epithelial cell	TS-0695
Ocular ciliary epithelium	TS-0695
Oculus	TS-0309
Odontoblast	TS-0696
Oesophageal carcinoma	TS-0697
Oesophageal epithelial cell	TS-0698
Oesophageal epithelium	TS-0698
Oesophageal fibroblast	TS-0699
Oesophageal squamous cell	TS-1250
Oesophageal squamous epithelial cell	TS-1250
Oesophageal squamous epithelium	TS-1314
Oesophagus	TS-0700
Oesophagus squamous cell	TS-1250
Oesophagus squamous epithelial cell	TS-1250
Oesophagus tumor	TS-0697
Oil gland	TS-0701
Olfactory brain	TS-0702
Olfactory bulb	TS-0702
Olfactory epithelial cell	TS-0703
Olfactory epithelium	TS-0703
Olfactory mucosa	TS-0703
Olfactory neuroepithelial cell	TS-0704
Olfactory neuroepithelium	TS-0704
Olfactory neuron	TS-0705
Olfactory organ	TS-0706
Olfactory rosette	TS-0707
Olfactory sensory neuron	TS-0708
Oligodendrocyte	TS-0709
Oligodendroglioma	TS-1153
Oocyst	TS-0710
Oocyte	TS-0711
Optic lobe	TS-0712
Optic nerve	TS-0713
Oral	TS-1315
Oral cancer	TS-0714
Oral cavity	TS-1315
Oral cavity epithelial cell	TS-0715
Oral cavity epithelium	TS-0715
Oral cavity malignant tumor	TS-0714
Oral cavity malignant tumour	TS-0714
Oral cavity mucosa	TS-0716
Oral cavity mucosa squamous cell	TS-1252
Oral cavity mucosa squamous epithelial cell	TS-1252
Oral epithelial cell	TS-0715
Oral epithelium	TS-0715
Oral mucosa	TS-0716
Oral mucosa squamous cell	TS-1252
Oral mucosa squamous epithelial cell	TS-1252
Oral mucosa squamous epithelial cells	TS-1252
Organ of Corti	TS-0717
Organ of Jacobson	TS-1141
Oropharynx	TS-0718
Osteoarthritic cartilage	TS-0719
Osteoblast	TS-0720
Osteoclast	TS-0721
Osteoclastoma	TS-0722
Osteoclastoma tumor	TS-0722
Osteocyte	TS-1167
Osteosarcoma	TS-0723
Otoconium	TS-1201
Otocyst	TS-1192
Otolith	TS-1201
Outer medulla of kidney	TS-0508
Outer zone of renal medulla	TS-0508
Ovarian	TS-0730
Ovarian adenocarcinoma	TS-0724
Ovarian cancer	TS-1223
Ovarian carcinoma	TS-0725
Ovarian follicle	TS-0726
Ovarian follicle cell	TS-1236
Ovarian follicle membrane	TS-0727
Ovarian follicular cell	TS-1236
Ovarian follicular fluid	TS-0728
Ovarian granulosa cell	TS-0729
Ovarian malignant tumor	TS-1223
Ovarian malignant tumour	TS-1223
Ovarian small cell carcinoma	TS-0725
Ovarian stromal cell	TS-1246
Ovarian stromal cells	TS-1246
Ovarian tumor	TS-0725
Ovaries	TS-0730
Ovary	TS-0730
Ovary cancer	TS-1223
Ovary follicle	TS-0726
Ovary follicle cells	TS-1236
Ovary follicular cell	TS-1236
Ovary malignant tumor	TS-1223
Ovary malignant tumour	TS-1223
Ovary stromal cells	TS-1246
Ovary tumor	TS-0731
Ovary tumour	TS-0731
Oviduct	TS-0732
Oviduct epithelium	TS-1316
Oviduct glandular cell	TS-1277
Ovotestis	TS-0733
Ovule	TS-0734
Oxyntic cell	TS-0405
Palate	TS-0735
Pallium	TS-0091
Pallium glial cell	TS-1256
Pallium neural cell	TS-1259
Pancreas	TS-0736
Pancreas cancer	TS-0739
Pancreas exocrine glandular cell	TS-1242
Pancreas exocrine glandular cells	TS-1242
Pancreas islet cell	TS-1237
Pancreas islet cells	TS-1237
Pancreas malignant tumor	TS-0739
Pancreas malignant tumour	TS-0739
Pancreatic	TS-0736
Pancreatic acinar cell	TS-0737
Pancreatic adenocarcinoma	TS-0738
Pancreatic cancer	TS-0739
Pancreatic carcinoma	TS-0740
Pancreatic islet	TS-0741
Pancreatic islet cell	TS-1237
Pancreatic tumor	TS-0742
Pancreatic tumour	TS-0742
Panicle	TS-0743
Papilla vallata	TS-0149
Papillary thyroid carcinoma	TS-1045
Paracorolla	TS-0744
Parathyroid	TS-0745
Parathyroid adenoma	TS-0746
Parathyroid gland	TS-0745
Parathyroid gland glandular cell	TS-1279
Parathyroid gland glandular cells	TS-1279
Parathyroid glandular cell	TS-1279
Parietal cell	TS-0405
Parietal cortex	TS-0747
Parietal lobe	TS-0747
Parotid gland	TS-0748
Parotoid gland	TS-0749
Parotoid gland secretion	TS-1218
Parotoid secretion	TS-1218
Pars intercerebralis	TS-0750
Pars tuberalis	TS-0796
Parthenogenote	TS-0229
PBMC	TS-0771
pDC	TS-0801
Pectoral muscle	TS-0751
Pectoralis muscle	TS-0751
Pedal disk	TS-0752
Pedal ganglia	TS-0753
Pedal ganglion	TS-0753
Pedicel	TS-0754
Pedicel tissue	TS-0754
Peel	TS-0755
Peelings	TS-0755
Peltate glandular trichome	TS-0756
Pelvis	TS-0757
Penis	TS-0758
Perianth	TS-0759
Pericardial organs	TS-0760
Pericardium	TS-0761
Pericarp	TS-0762
Perineural cell	TS-1291
Perineural cells	TS-1291
Periodontal fibroblast	TS-0764
Periodontal ligament	TS-0763
Periodontium fibroblast	TS-0764
Peripheral blood	TS-0771
Peripheral blood cell	TS-0771
Peripheral blood granulocyte	TS-0765
Peripheral blood leucocyte	TS-0766
Peripheral blood leukocyte	TS-0766
Peripheral blood lymphocyte	TS-0767
Peripheral blood monocyte	TS-0768
Peripheral blood neutrophil	TS-0769
Peripheral blood T cell	TS-0770
Peripheral blood T lymphocyte	TS-0770
Peripheral blood T-cell	TS-0770
Peripheral blood T-lymphocyte	TS-0770
Peripheral nerve	TS-0772
Peripheral nervous system	TS-0808
Peritoneal cavity	TS-0773
Peritoneal exudate	TS-0774
Peritoneal macrophage	TS-0775
Peritoneal mast cell	TS-0776
Peritoneal neutrophil	TS-0777
Petal	TS-0778
Petiolar pulvinus	TS-0841
Petiole	TS-0779
Peyer patch	TS-0780
Peyer's gland	TS-0780
Peyer's patch	TS-0780
PFC	TS-1219
Phaeochromocytoma	TS-0786
Pharate adult cuticle	TS-0781
Pharate pupal cuticle	TS-0782
Pharyngeal	TS-0785
Pharyngeal arch	TS-0783
Pharyngeal carcinoma	TS-1133
Pharyngeal muscle	TS-0784
Pharyngeal tissue	TS-0785
Pharyngeal tissue carcinoma	TS-1133
Pharyngula	TS-1196
Pharynx	TS-0785
Pharynx carcinoma	TS-1133
Pheochromocytoma	TS-0786
Pheromone gland	TS-0787
Phloem	TS-0788
Phloem tissue	TS-0788
Photogenic organ	TS-1329
Pineal	TS-0789
Pineal gland	TS-0789
Pistil	TS-0790
Pitcher	TS-0791
Pituitary	TS-0798
Pituitary adenoma	TS-0792
Pituitary anterior lobe	TS-0794
Pituitary anterior lobe tumor	TS-0793
Pituitary body	TS-0798
Pituitary gland	TS-0798
Pituitary gland adenoma	TS-0792
Pituitary neurointermediate lobe	TS-0795
Pituitary pars distalis	TS-0794
Pituitary pars distalis tumor	TS-0793
Pituitary pars nervosa	TS-0815
Pituitary pars tuberalis	TS-0796
Pituitary tumor	TS-0797
Pituitary tumour	TS-0797
Placenta	TS-0799
Placenta decidua cells	TS-0193
Placenta decidual cells	TS-0193
Placental	TS-0799
Plasma	TS-0800
Plasmacytoid dendritic cell	TS-0801
Plasmacytoid monocyte	TS-0801
Plasmacytoid T cell	TS-0801
Plasmacytoma	TS-0802
Platelet	TS-0803
Pleopod	TS-0804
Pleural sensory cell	TS-0805
Plumule	TS-0806
Plutei	TS-0807
Pluteus	TS-0807
PNS	TS-0808
Pod	TS-0809
Pollen	TS-0810
Pollen tube	TS-0811
Polycythemia rubra	TS-0292
Polyric caeca	TS-0812
Pons	TS-0813
Portal vein	TS-0814
Posterial silkgland	TS-0817
Posterior lobe	TS-0815
Posterior pituitary	TS-0815
Posterior pituitary gland	TS-0815
Posterior salivary gland	TS-0816
Posterior silk gland	TS-0817
Posterior silkgland	TS-0817
Posterior tectum	TS-0818
Posterior ventral cochlear nucleus	TS-1187
Pre-B cell	TS-0819
Pre-B lymphocyte	TS-0819
Prefrontal cortex	TS-1219
Premonocytic leukaemia	TS-0820
Premonocytic leukemia	TS-0820
Premonocytic lymphoma	TS-0821
Preoptic area of hypothalamus	TS-0822
Preoptic nucleus	TS-0822
Preosteoblast	TS-1182
Prepupa	TS-0823
Prepupae	TS-0823
Preputial gland	TS-0824
Primary root	TS-1011
Primordial kidney	TS-1206
Promonocytic leukaemia	TS-0820
Promonocytic leukemia	TS-0820
Promonocytic lymphoma	TS-0821
Promyelocyte	TS-0825
Promyelocytic leukaemia	TS-0826
Promyelocytic leukemia	TS-0826
Pronephros	TS-0827
Prostate	TS-0828
Prostate cancer	TS-1224
Prostate carcinoma	TS-0830
Prostate gland	TS-0828
Prostate glandular cell	TS-1280
Prostate glandular cells	TS-1280
Prostate malignant tumor	TS-1224
Prostate malignant tumour	TS-1224
Prostatic adenocarcinoma	TS-0829
Prostatic cancer	TS-1224
Prostatic carcinoma	TS-0830
Prostatic malignant tumor	TS-1224
Prostatic malignant tumour	TS-1224
Prothallia	TS-0831
Prothallus	TS-0831
Prothoracic gland	TS-0832
Protonema	TS-0833
Protoplast	TS-0834
Proventriculus	TS-0835
Proximal small intestine	TS-0836
Pseudobulb	TS-1330
PSG	TS-0817
Psoas muscle	TS-0837
Psoriatic skin	TS-0838
Pulmonary artery	TS-0839
Pulmonary cancer	TS-0571
Pulmonary vein	TS-0840
Pulpa dentis	TS-0195
Pulvini	TS-0841
Pulvinus	TS-0841
Pupae	TS-0842
Pupal haemocyte	TS-0843
Pupal hemocyte	TS-0843
Pupal mid-gut	TS-0844
Pupal midgut	TS-0844
Pupillary sphincter	TS-0492
Purkinje cell	TS-0845
Purkinje cells	TS-0845
Purkinje neuron	TS-0845
Purkinje's cell	TS-0845
Purple fluid	TS-1210
PVCN	TS-1187
Pyloric caeca	TS-0846
Pyloric caecum	TS-0846
Pyloric ceca	TS-0846
Pyloric cecum	TS-0846
Rachis	TS-0847
Radicle	TS-0848
Radicle	TS-0915
Radix pili	TS-0433
Radular muscle	TS-0849
Rathke gland	TS-0850
Rathke's gland	TS-0850
RBC	TS-0290
RCC	TS-0859
Receptacle	TS-0851
Rectal gland	TS-0852
Rectum	TS-1180
Rectum glandular cell	TS-1281
Rectum glandular cells	TS-1281
Rectum tumor	TS-0853
Rectum tumour	TS-0853
Red blood cell	TS-0290
Red muscle	TS-0854
Red pulp of spleen	TS-1263
Regenerating blastema	TS-0855
Regenerating forelimb blastema	TS-0856
Regenerating limb blastema	TS-0857
Regenerating limb bud	TS-0857
Regenerating liver	TS-0858
Regenerating tissue	TS-0855
Regeneration blastema	TS-0855
Renal	TS-0510
Renal adenocarcinoma	TS-0859
Renal cancer	TS-1225
Renal cell carcinoma	TS-0859
Renal collecting duct	TS-0860
Renal corpuscle	TS-1317
Renal cortex	TS-0503
Renal cyst lining cell	TS-0861
renal distal convoluted tubule	TS-0504
Renal distal tubule	TS-0504
Renal epithelial cell	TS-0505
Renal epithelium	TS-0505
Renal glomerular cell	TS-0862
Renal glomerulus	TS-0862
Renal glomerulus cell	TS-0862
Renal glomerus	TS-0862
Renal inner medulla	TS-0506
Renal malignant tumor	TS-1225
Renal malignant tumour	TS-1225
Renal medulla	TS-1157
Renal outer medulla	TS-0508
Renal proximal tubule	TS-0509
Renal tubule	TS-1262
Reproductive accessory gland	TS-0863
Reproductive system	TS-1318
Resin	TS-1340
Respiratory system	TS-1319
Respiratory system epithelial cell	TS-0023
Respiratory system epithelium	TS-0023
Respiratory system smooth muscle	TS-0024
Reticulocyte	TS-0864
Reticulum	TS-0888
Retina	TS-0865
Retinal	TS-0865
Retinal cone	TS-0866
Retinal cone cell	TS-0866
Retinal ganglia	TS-0867
Retinal ganglion	TS-0867
Retinal photoreceptor	TS-0868
Retinal pigment epithelial cell	TS-0869
Retinal pigment epithelium	TS-0869
Retinal rod	TS-0870
Retinal rod cell	TS-0870
Retinoblastoma	TS-0871
Retrocerebral complex	TS-0872
Rhabdomyosarcoma	TS-0873
Rheumatoid arthritic synovial fluid	TS-0874
Rhizome	TS-0875
Right atria	TS-0442
Right ventricular cardiac muscle	TS-0443
Rihgt atrium	TS-0442
Ring ganglia	TS-1174
Ring ganglion	TS-1174
Root	TS-0883
Root cap	TS-0876
Root cortex	TS-0877
Root hair	TS-0878
Root meristem	TS-0879
Root nodule	TS-0880
Root tip	TS-0881
Root tissue	TS-0883
Root tuber	TS-0882
Root-nodule	TS-0880
Rosette leaf	TS-0884
Rosette leaves	TS-0884
Rosettes	TS-0884
Rostral gland	TS-0885
Round spermatid	TS-0886
Royal jelly	TS-1326
Rumen	TS-0887
Rumen reticulum	TS-0888
Ruminal epithelial cell	TS-0889
Ruminal epithelium	TS-0889
Saccule	TS-0890
Saliva	TS-0891
Salivary gland	TS-0892
Salivary gland glandular cell	TS-1282
Salivary gland glandular cells	TS-1282
Salt gland	TS-0852
Saphenous vein	TS-0893
Sarcocarp	TS-0621
Sarcomere	TS-0894
Satellite cell	TS-1205
Scala media	TS-0152
Scale	TS-0895
Scalp	TS-0896
Scapula bone	TS-0897
Schwalbe corpuscle	TS-1015
Schwalbe's corpuscle	TS-1015
Schwann cell	TS-0898
Sciatic nerve	TS-0899
Sclera	TS-0900
Sclerite	TS-0901
Sclerotium	TS-0902
Scutella	TS-0904
Scutellar node	TS-0903
Scutellum	TS-0904
Secondary nodular lymphoid tissue	TS-1269
Seed	TS-0210
Seed	TS-0910
Seed coat	TS-0905
Seed cotyledon	TS-0906
Seed embryo	TS-0907
Seed endosperm	TS-0908
Seed nucellus	TS-0909
Seedling	TS-0911
Seedling cotyledon	TS-0912
Seedling hypocotyl	TS-0913
Seedling leaf	TS-0914
Seedling root	TS-0915
Seedling shoot	TS-0916
Semen	TS-0917
Seminal fluid	TS-0917
Seminal gland	TS-0919
Seminal plasma	TS-0918
Seminal vesicle	TS-0919
Seminal vesicle glandular cell	TS-1283
Seminal vesicle glandular cells	TS-1283
Seminal vesicular gland	TS-0919
Seminiferous duct	TS-1239
Seminiferous epithelial cell	TS-0920
Seminiferous epithelium	TS-0920
Seminiferous tubule	TS-1239
Seminiferous tubule of testis	TS-1239
Seminoma	TS-1186
Sensory ganglia	TS-1202
Sensory ganglion	TS-1202
Sepal	TS-0921
Sertoli cell	TS-0922
Serum	TS-0923
Seta	TS-1339
Sheath	TS-0924
Shell	TS-0925
Shoot	TS-0926
Shoot apex	TS-0927
Shoot meristem	TS-0928
Shoot tip	TS-0927
Signet cell carcinoma	TS-1166
Signet ring cancer	TS-1166
Signet ring cell adenocarcinoma	TS-1166
Signet ring cell carcinoma	TS-1166
Signet-ring cell carcinoma	TS-1166
Silique	TS-0929
Silk gland	TS-0930
Silkgland	TS-0930
Single abdominal segment	TS-0931
Sinus gland	TS-0932
Skeletal muscle	TS-0933
Skeletal muscle cell	TS-1244
Skeletal muscle myocyte	TS-1244
Skeletal muscle myocytes	TS-1244
Skeletal system	TS-1320
Skin	TS-0934
Skin adnexal cells	TS-0051
Skin appendages	TS-0051
Skin cancer	TS-1227
Skin epidermal cells	TS-0283
Skin fibroblast	TS-0935
Skin keratinocyte	TS-0500
Skin malignant tumor	TS-1227
Skin malignant tumour	TS-1227
Skin mucus	TS-0936
Skin secretion	TS-0937
Skull cap	TS-0108
Slime gland	TS-0938
Slow skeletal muscle	TS-0939
Slow-twitch skeletal muscle	TS-0940
Small bowel	TS-0942
Small bowel glandular cell	TS-1286
Small intestinal mucosa	TS-0941
Small intestine	TS-0942
Small intestine glandular cell	TS-1286
Small intestine glandular cells	TS-1286
Small intestine mucosa	TS-0941
Smooth muscle	TS-0943
Smooth muscle cell	TS-1245
Smooth muscle cells	TS-1245
Smooth muscle myocyte	TS-1245
Smooth muscle myocytes	TS-1245
Smooth muscle myometrium	TS-0652
Soft tissues	TS-0944
Soleus	TS-0945
Soleus muscle	TS-0945
Somatic embryo	TS-0946
Spear	TS-0947
Spear tip	TS-0948
Sperm	TS-0949
Spermatid	TS-0950
Spermatocyte	TS-0951
Spermatophorus	TS-0952
Spermatozoan	TS-0949
Spermatozoon	TS-0949
Sphincter of Oddi	TS-1163
Spicule	TS-1175
Spike	TS-1331
Spinal cord	TS-0953
Spinal ganglion	TS-0954
Spine	TS-1158
Spiral intestine	TS-0955
Spiral organ of Corti	TS-0717
Spleen	TS-0956
Spleen cells in red pulp	TS-1263
Spleen cells in white pulp	TS-1264
Spleen red pulp	TS-1263
Spleen white pulp	TS-1264
Splenic pulp	TS-1263
Splenocyte	TS-0957
Spongiosa	TS-1155
Spongiosa bone	TS-1155
Spongy bone	TS-0110
Spore	TS-0958
Sporophyte	TS-0959
Sporozoite	TS-0960
Sprout	TS-0961
Sprouting bulb	TS-0962
Sputum	TS-0963
Squamous cell	TS-1249
Squamous cell carcinoma	TS-0964
Squamous epithelial cel	TS-1249
Squamous epithelium	TS-1321
Stamen	TS-0965
Stannius corpuscle	TS-0966
Starchy endosperm	TS-0967
Statoconium	TS-1201
Stellate ganglia	TS-0133
Stellate ganglion	TS-0133
Stem	TS-0187
Stem	TS-0971
Stem bark	TS-0968
Stem internode	TS-0483
Stem nodule	TS-0969
Stem plug	TS-0970
Stem tissue	TS-0971
Stembark	TS-0968
Sternum	TS-0972
Sternum cartilage	TS-0973
Stigma	TS-0974
Stolon	TS-0975
Stolon node	TS-0976
Stolon tip	TS-0977
Stomach	TS-0980
Stomach adenocarcinoma	TS-0398
Stomach cancer	TS-0978
Stomach carcinoma	TS-0400
Stomach fundus	TS-0403
Stomach glandular cell	TS-1284
Stomach glandular cells	TS-1284
Stomach malignant tumor	TS-0978
Stomach mucosa	TS-0404
Stomach smooth muscle	TS-0979
Stratum corneum	TS-0981
Stria vascularis	TS-0982
Striated adductor muscle	TS-0983
Striated muscle	TS-0933
Striated muscle cell	TS-1244
Striated muscle myocyte	TS-1244
Striatum	TS-0183
Stroma of endometrium	TS-1266
Stromal cell	TS-0984
Stylar tissue	TS-0985
Style	TS-0985
Subcommissural organ	TS-0986
Subesophageal ganglia	TS-0989
Subesophageal ganglion	TS-0989
Sublingual gland	TS-0987
Sublingual salivary gland	TS-0987
Submandibular gland	TS-0988
Submaxillary gland	TS-0988
Submaxillary salivary gland	TS-0988
Suboesophageal ganglia	TS-0989
Suboesophageal ganglion	TS-0989
Substantia nigra	TS-0990
Subthalamic nuclei	TS-1154
Subthalamic nucleus	TS-1154
Superior cervical ganglion	TS-0991
Suprachiasmatic nucleus	TS-0992
Suprarenal cortex	TS-0015
Suprarenal gland	TS-0016
Sweat gland	TS-0993
Swimming leg	TS-0804
Symbiotic root nodule	TS-0880
Sympathetic ganglia	TS-0994
Sympathetic ganglion	TS-0994
Synovial cell	TS-0995
Synovial cells	TS-0995
Synovial fluid	TS-0996
Synovial membrane	TS-0998
Synovial sarcoma	TS-0997
Synovium	TS-0998
T cell	TS-1001
T cell lymphoma	TS-1000
T lymphoblast	TS-0999
T lymphocyte	TS-1001
T-associated plasma cell	TS-0801
T-cell	TS-1001
T-cell lymphoma	TS-1000
T-helper cell	TS-1146
T-lymphoblast	TS-0999
T-lymphocyte	TS-1001
Tachyzoite	TS-1002
Tadpole	TS-1134
Tadpole brain	TS-1290
Tadpole corpuscle	TS-1194
Tadpole erythrocyte	TS-1194
Tadpole head	TS-1003
Tadpole heart	TS-1292
Tadpole liver	TS-1004
Tadpole RBC	TS-1194
Tadpole red blood cell	TS-1194
Tadpole tail	TS-1005
Tail	TS-1006
Tail bud	TS-1007
Tail epidermis	TS-1008
Tail fin	TS-1009
Tail muscle	TS-1010
Tailbud	TS-1007
Tap root	TS-1011
Tapetum	TS-1012
Tapetum cells of anther	TS-0044
Tapetum lucidum	TS-1013
Taproot	TS-1011
Tassel	TS-1014
Taste bud	TS-1015
Tear	TS-1016
Tegument	TS-1017
Telencephalon	TS-1018
Telson	TS-1019
Temporal cortex	TS-1020
Temporal lobe	TS-1020
Tendon	TS-1021
Tendril	TS-1022
Tentacle	TS-1023
Tepal	TS-1024
Teratocarcinoma	TS-1025
Term myometrium	TS-1026
Term placenta	TS-1027
Testa	TS-1028
Testes	TS-1030
Testicle	TS-1030
Testicular	TS-1030
Testicular cancer	TS-1228
Testicular malignant tumor	TS-1228
Testicular malignant tumour	TS-1228
Testiculus	TS-1030
Testis	TS-1030
Testis cancer	TS-1228
Testis carcinoma	TS-1029
Testis cells in seminiferus ducts	TS-1239
Testis malignant tumor	TS-1228
Testis malignant tumour	TS-1228
Thalamus	TS-1031
Thallus	TS-1032
Thigh epidermis	TS-1033
Thigh muscle	TS-1034
Thighbone	TS-0322
Thoracic aorta	TS-1035
Thoracic ganglia	TS-1036
Thoracic ganglion	TS-1036
Thoracic ganglionic sheath	TS-1199
Thoracic muscle	TS-1037
Thoracic nervous system	TS-1038
Thoracic perisympathetic organs	TS-1337
Thorax	TS-1039
Thorax muscle	TS-1037
Thrombocyte	TS-0803
Thymic epithelial cell	TS-1040
Thymic epithelium	TS-1040
Thymic lymphoma	TS-1041
Thymocyte	TS-1042
Thymoma	TS-1041
Thymus	TS-1043
Thymus gland	TS-1043
Thyroid	TS-1047
Thyroid cancer	TS-1226
Thyroid carcinoma	TS-1044
Thyroid gland	TS-1047
Thyroid gland glandular cell	TS-1285
Thyroid gland glandular cells	TS-1285
Thyroid glandular cell	TS-1285
Thyroid malignant tumor	TS-1226
Thyroid malignant tumour	TS-1226
Thyroid papillary carcinoma	TS-1045
Thyroid tumor	TS-1046
Thyroid tumour	TS-1046
Tibia	TS-1048
Tibial bone	TS-1048
Tibial gland	TS-1049
Tip section of spear	TS-0948
Tongue	TS-1050
Tongue epithelium	TS-1051
Tongue epithelium	TS-1051
Tongue keratinocyte	TS-1207
Tongue serous gland	TS-1052
Tonsil	TS-1053
Tonsil germinal center	TS-1288
Tonsil lymphoid cell	TS-1270
Tonsil reaction center	TS-1288
Tonsil reaction center cells	TS-1288
Tonsil reaction centre	TS-1288
Tonsil squamous cell	TS-1253
Tonsil squamous epithelial cell	TS-1253
Tonsil squamous epithelial cells	TS-1253
Tonsillar carcinoma	TS-1054
Tonsillar squamous cell	TS-1253
Tonsillar squamous epithelial cell	TS-1253
Tooth	TS-1055
Tooth bud	TS-1056
Tooth enamel	TS-1057
Tooth enamel epithelial cell	TS-0270
Tooth enamel epithelium	TS-0270
Tooth pulp	TS-0195
Trabecular bone	TS-0110
Trabecular meshwork	TS-1058
Trachea	TS-1060
Trachea smooth muscle	TS-1059
Tracheal	TS-1060
Tracheal epithelial cell	TS-1061
Tracheal epithelium	TS-1061
Tracheobronchial	TS-1062
Tracheobronchial epithelial cell	TS-1063
Tracheobronchial epithelium	TS-1063
Tracheobronchial mucosa	TS-1064
Transformed lymphocyte	TS-0581
Trichome gland	TS-1065
Trigeminal ganglion	TS-1066
Triturative stomach	TS-1067
Trophectoderm	TS-1068
Trophoblast	TS-1070
Trophoblast stem cell	TS-1069
Trophoblastic cells	TS-1070
Trophozoite	TS-1335
Trunk	TS-1071
Tuber	TS-1072
Tuber disc	TS-1073
Tuber disk	TS-1073
Tuberous root	TS-1074
Tubular accessory gland	TS-1075
Tunica mucosa uteri	TS-0276
Udder	TS-1076
Umbilical artery	TS-1077
Umbilical cord	TS-1078
Umbilical cord blood	TS-1079
Umbilical cord vein	TS-1082
Umbilical smooth muscle	TS-1080
Umbilical vein	TS-1082
Umbilical vein endothelial cell	TS-1081
Umbilical vein endothelium	TS-1081
Umbilicus smooth muscle	TS-1080
Underground adventitious buds	TS-1083
Ureter	TS-1084
Ureteric bud	TS-1085
Urethra	TS-1132
Urinary bladder	TS-1090
Urinary bladder carcinoma	TS-1086
Urinary bladder epithelium	TS-1322
Urinary bladder smooth muscle	TS-1087
Urinary bladder urothelial cell	TS-1088
Urinary bladder urothelial cells	TS-1088
Urinary bladder urothelium	TS-1088
Urinary bladder wart	TS-1089
Urinary system	TS-1323
Urinary tract	TS-1091
Urine	TS-1092
Urogenital ridge	TS-1093
Urogenital system	TS-1324
Urophysis	TS-1094
Uropygial gland	TS-1095
Urothelial cancer	TS-1234
Urothelial malignant tumor	TS-1234
Urothelial malignant tumour	TS-1234
Urothelium	TS-1096
Urothelium cancer	TS-1234
Urothelium malignant tumor	TS-1234
Urothelium malignant tumour	TS-1234
Uterine	TS-1102
Uterine adenocarcinoma	TS-1097
Uterine cervix	TS-0134
Uterine cervix adenocarcinoma	TS-0135
Uterine cervix carcinoma	TS-0136
Uterine cervix epithelial cell	TS-0137
Uterine cervix epithelium	TS-0137
Uterine cervix glandular cell	TS-1273
Uterine cervix squamous cell	TS-1251
Uterine cervix squamous epithelial cell	TS-1251
Uterine cornu luminal epithelial cell	TS-1100
Uterine cornu luminal epithelium	TS-1100
Uterine corpus	TS-1265
Uterine corpus glandular cell	TS-1287
Uterine decidua	TS-0193
Uterine ectocervix	TS-1098
Uterine endometrium	TS-0276
Uterine endometrium stroma	TS-1266
Uterine endothelial cell	TS-1099
Uterine endothelium	TS-1099
Uterine horn luminal epithelial cell	TS-1100
Uterine horn luminal epithelium	TS-1100
Uterine leiomyoma	TS-1101
Uterine tube	TS-0732
Uterine tube epithelium	TS-1316
Uterine tube glandular cell	TS-1277
Uterus	TS-1102
Uterus body	TS-1265
Uterus body glandular cell	TS-1287
Uterus endometrium	TS-0276
Uterus endometrium stroma	TS-1266
Uterus endothelial cell	TS-1099
Uterus endothelium	TS-1099
Uterus womb	TS-1265
Uterus womb glandular cell	TS-1287
Vagina	TS-1103
Vagina squamous cell	TS-1254
Vagina squamous epithelial cell	TS-1254
Vagina squamous epithelial cells	TS-1254
Vaginal epithelium	TS-1325
Vaginal fibroblast	TS-1104
Vaginal squamous cell	TS-1254
Vaginal squamous epithelial cell	TS-1254
Vallate papilla	TS-0149
Vas deferens	TS-1105
Vascular	TS-1107
Vascular endothelial cell	TS-1106
Vascular smooth muscle	TS-1107
Vasoformative cell	TS-1196
Vasoformative cell	TS-1204
Vasquez disease	TS-0292
Vegetal hemisphere	TS-1217
Vegetal pole	TS-1217
Vein	TS-1108
Venom	TS-1109
Venom duct	TS-1110
Venom gland	TS-1111
Venomous gland	TS-1111
Ventral eye	TS-1112
Ventral nerve cord	TS-1113
Ventral spinal cord	TS-1114
Ventricle	TS-0444
Ventricular muscle	TS-0444
Ventricular system	TS-1295
Ventricular system of brain	TS-1295
Vermiform appendix	TS-1267
Vermiform appendix glandular cell	TS-1271
Vermix	TS-1267
Vermix glandular cell	TS-1271
Vesica	TS-1090
Vestibule	TS-0479
Visceral mass	TS-1116
Visual cortex	TS-1117
Vitreous humor	TS-0308
VNO	TS-1141
Vomeronasal neuron	TS-1145
Vomeronasal organ	TS-1141
Vomeronasal sensory neuron	TS-1145
von Ebner's gland	TS-1052
Vulva	TS-1168
Vulva/Anal skin	TS-1231
Vulva/anal skin squamous epithelial cells	TS-1255
Vulva/anal squamous cell	TS-1255
Vulva/anal squamous epithelial cell	TS-1255
Vulvar carcinoma	TS-1169
Wall of gallbladder	TS-1304
Wart	TS-1118
White adipose	TS-1119
White adipose tissue	TS-1119
White blood cell	TS-0549
White muscle	TS-1120
White-root	TS-1121
Whole embryo	TS-0229
Wing	TS-1122
Wing disc	TS-1123
Wing disk	TS-1123
Wing imaginal disc	TS-1123
Wing imaginal disk	TS-1123
Wolffian duct	TS-1124
Womb	TS-1102
Wool	TS-1125
Wool follicle	TS-1126
Xiphoid cartilage	TS-1127
Xylem	TS-1128
Yellow body of ovary	TS-0181
Yolk	TS-1129
Yolk sac	TS-1130
Yolk sac carcinoma	TS-1131
Yolk sac tumor	TS-1131
Zona glomerulosa	TS-0017
